Machine,SizeOfOptionalHeader,Characteristics,MajorLinkerVersion,MinorLinkerVersion,SizeOfCode,SizeOfInitializedData,SizeOfUninitializedData,AddressOfEntryPoint,BaseOfCode,BaseOfData,ImageBase,SectionAlignment,FileAlignment,MajorOperatingSystemVersion,MinorOperatingSystemVersion,MajorImageVersion,MinorImageVersion,MajorSubsystemVersion,MinorSubsystemVersion,SizeOfImage,SizeOfHeaders,CheckSum,Subsystem,DllCharacteristics,SizeOfStackReserve,SizeOfStackCommit,SizeOfHeapReserve,SizeOfHeapCommit,LoaderFlags,NumberOfRvaAndSizes,SectionsNb,SectionsMeanEntropy,SectionsMinEntropy,SectionsMaxEntropy,SectionsMeanRawsize,SectionsMinRawsize,SectionMaxRawsize,SectionsMeanVirtualsize,SectionsMinVirtualsize,SectionMaxVirtualsize,ImportsNbDLL,ImportsNb,ImportsNbOrdinal,ExportNb,ResourcesNb,ResourcesMeanEntropy,ResourcesMinEntropy,ResourcesMaxEntropy,ResourcesMeanSize,ResourcesMinSize,ResourcesMaxSize,LoadConfigurationSize,VersionInformationSize,path,pkg
34404,240,34,3,0,5952000,449024,0,575808,4096,0,5368709120,4096,512,6,1,1,0,6,1,45637632,1536,0,3,33120,2097152,4096,1048576,4096,0,16,8,4.36625162423281,0.020393135236084953,6.1695334319268555,1461632.0,512,5952000,5701095.625,4,34366720,1,50,0,0,0,0.0,0.0,0.0,0.0,0,0,0,0,npm_esbuild-win32-x64-0.28.2\package\esbuild.exe,npm_esbuild-win32-x64-0.28.2
34404,240,546,3,0,4630528,312320,0,443104,4096,0,4194304,4096,512,6,1,1,0,6,1,9179136,1536,0,3,33120,2097152,4096,1048576,4096,0,16,6,4.290161226657851,0.020393135236084953,6.091570179708801,1459882.6666666667,512,4630528,1526111.3333333333,4,4630164,1,41,0,0,0,0.0,0.0,0.0,0.0,0,0,0,0,npm_esbuild-windows-64-0.15.18\package\esbuild.exe,npm_esbuild-windows-64-0.15.18
34404,240,8226,14,0,13117952,5495808,0,4576,4096,0,6442450944,4096,512,6,0,0,0,6,0,20930560,1024,0,2,352,1048576,4096,1048576,4096,0,16,7,4.946626543409344,0.05920972724115448,7.825817655370387,2659108.5714285714,512,13117952,2986851.4285714286,142,13117814,27,549,0,3246,0,0.0,0.0,0.0,0.0,0,0,312,0,npm_img-sharp-libvips-win32-x64-1.3.3\package\lib\libvips-42.dll,npm_img-sharp-libvips-win32-x64-1.3.3
34404,240,8226,14,0,13117952,5495808,0,4576,4096,0,6442450944,4096,512,6,0,0,0,6,0,20930560,1024,0,2,352,1048576,4096,1048576,4096,0,16,7,4.946626543409344,0.05920972724115448,7.825817655370387,2659108.5714285714,512,13117952,2986851.4285714286,142,13117814,27,549,0,3246,0,0.0,0.0,0.0,0.0,0,0,312,0,npm_img-sharp-win32-x64-0.35.4\package\lib\libvips-42.dll,npm_img-sharp-win32-x64-0.35.4
34404,240,8226,14,44,205312,131072,0,142100,4096,0,6442450944,4096,512,6,0,0,0,6,0,356352,1024,0,2,352,1048576,4096,1048576,4096,0,16,7,4.20837829013477,0.0,6.19988446703722,47469.71428571428,512,205312,47856.28571428572,256,204880,2,183,0,667,1,4.911614515735104,4.911614515735104,4.911614515735104,381.0,381,381,320,0,npm_img-sharp-win32-x64-0.35.4\package\lib\libvips-cpp-8.18.6.dll,npm_img-sharp-win32-x64-0.35.4
34404,240,8226,14,44,313856,131584,0,205508,4096,0,6442450944,4096,512,6,0,0,0,6,0,466944,1024,0,2,352,1048576,4096,1048576,4096,0,16,7,4.285084543709815,0.0,6.3350789001580825,63049.142857142855,512,313856,63382.28571428572,256,313676,3,294,0,2,1,4.911614515735104,4.911614515735104,4.911614515735104,381.0,381,381,320,0,npm_img-sharp-win32-x64-0.35.4\package\lib\sharp-win32-x64-0.35.4.node,npm_img-sharp-win32-x64-0.35.4
34404,240,8226,14,51,8687616,807936,0,8388960,4096,0,6442450944,4096,512,6,0,0,0,6,0,9510912,1024,0,2,352,1048576,4096,1048576,4096,0,16,6,4.459379244434255,0.0,6.572046065266968,1580629.3333333333,512,8687616,1582372.6666666667,256,8687424,4,98,0,1,0,0.0,0.0,0.0,0.0,0,0,320,0,npm_lightningcss-win32-x64-msvc-1.33.0\package\lightningcss.win32-x64-msvc.node,npm_lightningcss-win32-x64-msvc-1.33.0
34404,240,8226,14,0,78981632,27206144,0,77673952,4096,0,6442450944,4096,512,6,0,0,0,6,0,106246144,1024,0,2,352,1048576,4096,1048576,4096,0,16,9,4.038092600979206,0.0,7.246291335613705,11798641.777777778,512,78981632,11802458.111111112,256,78981206,8,216,0,21,0,0.0,0.0,0.0,0.0,0,0,320,0,npm_next-swc-win32-x64-msvc-16.3.5\package\next-swc.win32-x64-msvc.node,npm_next-swc-win32-x64-msvc-16.3.5
34404,240,8226,14,51,1965568,725504,0,1832784,4096,0,6442450944,4096,512,6,0,0,0,6,0,2703360,1024,0,2,352,1048576,4096,1048576,4096,0,16,6,4.1562703362837885,0.0,6.28899962537527,444160.0,512,1965568,448250.3333333333,256,1965232,6,118,0,1,0,0.0,0.0,0.0,0.0,0,0,320,0,npm_rollup-rollup-win32-x64-msvc-4.63.3\package\rollup.win32-x64-msvc.node,npm_rollup-rollup-win32-x64-msvc-4.63.3
34404,240,8226,14,0,21505024,7058432,0,20784544,4096,0,6442450944,4096,512,6,0,0,0,6,0,28622848,1024,0,2,352,1048576,4096,1048576,4096,0,16,8,3.607508727763574,0.0,6.575224725361534,3570432.0,512,21505024,3574543.375,256,21504886,7,161,0,49,0,0.0,0.0,0.0,0.0,0,0,320,0,npm_swc-core-win32-x64-msvc-1.16.2\package\swc.win32-x64-msvc.node,npm_swc-core-win32-x64-msvc-1.16.2
34404,240,8226,14,44,109056,73728,0,110340,4096,0,6442450944,4096,512,6,0,0,0,6,0,200704,1024,0,2,352,1048576,4096,1048576,4096,0,16,6,4.41379442112927,1.840303201661492,6.361857170066625,30037.333333333332,512,109056,30247.0,248,108952,10,241,0,1,1,4.8858005160656415,4.8858005160656415,4.8858005160656415,145.0,145,145,320,0,pip_cffi\_cffi_backend.cp312-win_amd64.pyd,pip_cffi
34404,240,8226,14,51,7280128,2674176,0,7229088,4096,0,6442450944,4096,512,6,0,0,0,6,0,9969664,1024,0,2,352,1048576,4096,1048576,4096,0,16,5,5.20042561477724,2.074888458973142,6.506830745866494,1988403.2,71168,7280128,1990642.8,70840,7279960,19,355,0,28,0,0.0,0.0,0.0,0.0,0,0,320,0,pip_cryptography\cryptography\hazmat\bindings\_rust.pyd,pip_cryptography
34404,240,8226,14,42,8271360,3227648,0,7823360,4096,0,6442450944,4096,512,6,0,0,0,6,0,11526144,1024,0,2,352,1048576,4096,1048576,4096,0,16,7,4.4856428244263205,0.0,6.440509399740361,1629696.0,512,8271360,1642426.5714285714,16,8271356,7,397,0,2,1,4.8858005160656415,4.8858005160656415,4.8858005160656415,145.0,145,145,320,0,pip_grpcio\grpc\_cython\cygrpc.cp312-win_amd64.pyd,pip_grpcio
34404,240,8226,14,44,57344,32256,0,58212,4096,0,6442450944,4096,512,6,0,0,0,6,0,106496,1024,0,2,352,1048576,4096,1048576,4096,0,16,6,4.05845969552223,1.517213330555446,6.095818252158808,14506.666666666666,512,57344,14704.333333333334,248,57224,4,189,0,1,1,4.8858005160656415,4.8858005160656415,4.8858005160656415,145.0,145,145,320,0,pip_lxml\lxml\builder.cp312-win_amd64.pyd,pip_lxml
34404,240,8226,14,44,2447872,1624576,0,2361700,4096,0,6442450944,4096,512,6,0,0,0,6,0,4087808,1024,0,2,352,1048576,4096,1048576,4096,0,16,6,4.872954116078538,1.5542212015439492,7.03970797881865,672426.6666666666,512,2447872,678516.6666666666,248,2447864,16,452,0,1,1,4.8858005160656415,4.8858005160656415,4.8858005160656415,145.0,145,145,320,0,pip_lxml\lxml\etree.cp312-win_amd64.pyd,pip_lxml
34404,240,8226,14,44,657408,1097728,0,570836,4096,0,6442450944,4096,512,6,0,0,0,6,0,1773568,1024,0,2,352,1048576,4096,1048576,4096,0,16,6,4.886997515526936,1.8174299737594297,7.2134336305122115,290645.3333333333,512,1032704,292238.0,248,1032316,14,346,0,1,1,4.8858005160656415,4.8858005160656415,4.8858005160656415,145.0,145,145,320,0,pip_lxml\lxml\objectify.cp312-win_amd64.pyd,pip_lxml
34404,240,8226,14,44,90112,33280,0,90868,4096,0,6442450944,4096,512,6,0,0,0,6,0,139264,1024,0,2,352,1048576,4096,1048576,4096,0,16,6,4.2285205343167735,1.9007318141657263,6.07810493356229,19882.666666666668,512,90112,20328.333333333332,248,89880,4,189,0,1,1,4.8858005160656415,4.8858005160656415,4.8858005160656415,145.0,145,145,320,0,pip_lxml\lxml\sax.cp312-win_amd64.pyd,pip_lxml
34404,240,8226,14,44,108544,42496,0,109236,4096,0,6442450944,4096,512,6,0,0,0,6,0,172032,1024,0,2,352,1048576,4096,1048576,4096,0,16,6,3.9694513178682107,1.1528642411803078,6.161568162852829,24405.333333333332,512,108544,24805.666666666668,248,108248,4,196,0,1,1,4.8858005160656415,4.8858005160656415,4.8858005160656415,145.0,145,145,320,0,pip_lxml\lxml\_elementpath.cp312-win_amd64.pyd,pip_lxml
34404,240,8226,14,44,180224,55808,0,181360,4096,0,6442450944,4096,512,6,0,0,0,6,0,249856,1024,0,2,352,1048576,4096,1048576,4096,0,16,6,4.262255791526683,1.86372037418776,6.1502340623716,38314.666666666664,512,180224,38986.333333333336,248,179992,4,222,0,1,1,4.8858005160656415,4.8858005160656415,4.8858005160656415,145.0,145,145,320,0,pip_lxml\lxml\html\diff.cp312-win_amd64.pyd,pip_lxml
34404,240,8226,14,44,274432,98304,0,275316,4096,0,6442450944,4096,512,6,0,0,0,6,0,389120,1024,0,2,352,1048576,4096,1048576,4096,0,16,6,4.422684306031804,1.3138727976568232,6.171866088916368,60672.0,512,274432,61910.0,248,274328,4,236,0,1,1,4.8858005160656415,4.8858005160656415,4.8858005160656415,145.0,145,145,320,0,pip_lxml\lxml\html\_difflib.cp312-win_amd64.pyd,pip_lxml
34404,240,8226,14,44,254464,21504,0,254904,4096,0,6442450944,4096,512,6,0,0,0,6,0,290816,1024,318556,2,352,1048576,4096,1048576,4096,0,16,5,4.596021993423055,2.4082760562565757,6.180410995682273,55091.2,512,254464,54907.2,180,254258,8,57,0,1,0,0.0,0.0,0.0,0.0,0,0,320,0,pip_numpy\numpy\fft\_pocketfft_umath.cp312-win_amd64.pyd,pip_numpy
34404,240,8226,14,44,8704,10752,0,9796,4096,0,6442450944,4096,512,6,0,0,0,6,0,36864,1024,35689,2,352,1048576,4096,1048576,4096,0,16,5,3.0403427843938755,0.9498846316671985,5.93585362623929,3584.0,512,8704,3566.0,88,8680,5,62,0,1,0,0.0,0.0,0.0,0.0,0,0,320,0,pip_numpy\numpy\linalg\lapack_lite.cp312-win_amd64.pyd,pip_numpy
34404,240,8226,14,44,88576,24064,0,89588,4096,0,6442450944,4096,512,6,0,0,0,6,0,122880,1024,139146,2,352,1048576,4096,1048576,4096,0,16,5,4.760728162739554,2.4871015547505735,6.261663525925188,22220.8,512,88576,22436.4,424,88488,7,97,0,1,0,0.0,0.0,0.0,0.0,0,0,320,0,pip_numpy\numpy\linalg\_umath_linalg.cp312-win_amd64.pyd,pip_numpy
34404,240,8226,14,44,116736,59392,0,117684,4096,0,6442450944,4096,512,6,0,0,0,6,0,192512,1024,218847,2,352,1048576,4096,1048576,4096,0,16,5,4.5275993021597385,1.680689687017762,6.22466714856961,34406.4,1024,116736,34983.6,584,116584,4,215,0,1,0,0.0,0.0,0.0,0.0,0,0,320,0,pip_numpy\numpy\random\bit_generator.cp312-win_amd64.pyd,pip_numpy
34404,240,8226,14,44,254464,274432,0,255492,4096,0,6442450944,4096,512,6,0,0,0,6,0,548864,1024,562232,2,352,1048576,4096,1048576,4096,0,16,5,5.179539062282325,2.7465043598053738,6.334705996762645,104345.6,1024,254464,105623.6,920,254456,5,231,0,63,0,0.0,0.0,0.0,0.0,0,0,320,0,pip_numpy\numpy\random\mtrand.cp312-win_amd64.pyd,pip_numpy
34404,240,8226,14,44,161792,48640,0,162676,4096,0,6442450944,4096,512,6,0,0,0,6,0,225280,1024,265925,2,352,1048576,4096,1048576,4096,0,16,5,4.327405355039956,1.0547977391727719,6.822129969820808,41574.4,512,161792,41790.8,80,161624,5,161,0,63,0,0.0,0.0,0.0,0.0,0,0,320,0,pip_numpy\numpy\random\_bounded_integers.cp312-win_amd64.pyd,pip_numpy
34404,240,8226,14,44,145920,30208,0,146740,4096,0,6442450944,4096,512,6,0,0,0,6,0,192512,1024,210437,2,352,1048576,4096,1048576,4096,0,16,5,4.077236398043187,1.4535044415251182,6.1873921059004235,34611.2,512,145920,34972.4,200,145640,5,200,0,1,0,0.0,0.0,0.0,0.0,0,0,320,0,pip_numpy\numpy\random\_common.cp312-win_amd64.pyd,pip_numpy
34404,240,8226,14,44,334848,297472,0,335716,4096,0,6442450944,4096,512,6,0,0,0,6,0,647168,1024,626381,2,352,1048576,4096,1048576,4096,0,16,5,4.9948125964136105,2.2998262521776884,6.336761333197981,124723.2,1536,334848,126193.6,1060,334680,8,269,0,66,0,0.0,0.0,0.0,0.0,0,0,320,0,pip_numpy\numpy\random\_generator.cp312-win_amd64.pyd,pip_numpy
34404,240,8226,14,44,59392,35328,0,60212,4096,0,6442450944,4096,512,6,0,0,0,6,0,110592,1024,123745,2,352,1048576,4096,1048576,4096,0,16,5,4.434367251315284,1.7690764839062991,6.168146646905582,18329.6,512,59392,18745.2,300,59112,4,188,0,1,0,0.0,0.0,0.0,0.0,0,0,320,0,pip_numpy\numpy\random\_mt19937.cp312-win_amd64.pyd,pip_numpy
34404,240,8226,14,44,67584,39936,0,68436,4096,0,6442450944,4096,512,6,0,0,0,6,0,122880,1024,119057,2,352,1048576,4096,1048576,4096,0,16,5,4.430600503080981,1.6084321611958223,6.145765775709914,20992.0,512,67584,21322.8,368,67336,4,193,0,1,0,0.0,0.0,0.0,0.0,0,0,320,0,pip_numpy\numpy\random\_pcg64.cp312-win_amd64.pyd,pip_numpy
34404,240,8226,14,44,56320,34816,0,57380,4096,0,6442450944,4096,512,6,0,0,0,6,0,106496,1024,144881,2,352,1048576,4096,1048576,4096,0,16,5,4.239689528439035,1.6930963797190963,6.166761922353768,17612.8,512,56320,17951.2,300,56280,4,191,0,1,0,0.0,0.0,0.0,0.0,0,0,320,0,pip_numpy\numpy\random\_philox.cp312-win_amd64.pyd,pip_numpy
34404,240,8226,14,44,38400,27136,0,39396,4096,0,6442450944,4096,512,6,0,0,0,6,0,81920,1024,114612,2,352,1048576,4096,1048576,4096,0,16,5,4.12637994480336,1.502712334312163,6.0895575448329495,12595.2,512,38400,12943.2,276,38296,4,173,0,1,0,0.0,0.0,0.0,0.0,0,0,320,0,pip_numpy\numpy\random\_sfc64.cp312-win_amd64.pyd,pip_numpy
34404,240,8226,14,44,43008,23552,0,43972,4096,0,6442450944,4096,512,6,0,0,0,6,0,81920,1024,101643,2,352,1048576,4096,1048576,4096,0,16,5,4.355608797416833,2.3192912225275903,6.19633491863867,12902.4,512,43008,13036.0,396,42936,7,135,0,2,0,0.0,0.0,0.0,0.0,0,0,320,0,pip_numpy\numpy\_core\_multiarray_tests.cp312-win_amd64.pyd,pip_numpy
34404,240,8226,14,44,2958848,991232,0,2959060,4096,0,6442450944,4096,512,6,0,0,0,6,0,3969024,1024,3871876,2,352,1048576,4096,1048576,4096,0,16,5,5.11962271918636,1.703411782833268,6.676919348380228,770764.8,9216,2958848,789780.8,8992,2958600,16,555,0,1,0,0.0,0.0,0.0,0.0,0,0,320,0,pip_numpy\numpy\_core\_multiarray_umath.cp312-win_amd64.pyd,pip_numpy
34404,240,8226,14,44,4608,6656,0,5952,4096,0,6442450944,4096,512,6,0,0,0,6,0,32768,1024,19814,2,352,1048576,4096,1048576,4096,0,16,5,2.939549352217159,0.6814973631309541,5.948352825992547,2252.8,512,5120,2011.2,56,4700,4,42,0,1,0,0.0,0.0,0.0,0.0,0,0,320,0,pip_numpy\numpy\_core\_operand_flag_tests.cp312-win_amd64.pyd,pip_numpy
34404,240,8226,14,44,27648,16896,0,28772,4096,0,6442450944,4096,512,6,0,0,0,6,0,61440,1024,81166,2,352,1048576,4096,1048576,4096,0,16,5,3.5334532976090847,0.6921044719964035,6.159954174252482,8499.2,512,27648,8619.6,140,27640,6,67,0,1,0,0.0,0.0,0.0,0.0,0,0,320,0,pip_numpy\numpy\_core\_rational_tests.cp312-win_amd64.pyd,pip_numpy
34404,240,8226,14,44,662528,169984,0,663396,4096,0,6442450944,4096,512,6,0,0,0,6,0,847872,1024,834434,2,352,1048576,4096,1048576,4096,0,16,5,5.033205850904497,2.48130047502965,5.982318615236218,166092.8,7168,662528,166257.6,6908,662280,6,73,0,1,0,0.0,0.0,0.0,0.0,0,0,320,0,pip_numpy\numpy\_core\_simd.cp312-win_amd64.pyd,pip_numpy
34404,240,8226,14,44,6144,8704,0,6836,4096,0,6442450944,4096,512,6,0,0,0,6,0,32768,1024,72946,2,352,1048576,4096,1048576,4096,0,16,5,2.8765940850912446,0.7944179640587117,5.785586258940997,2662.4,512,6144,2639.6,60,5720,4,46,0,1,0,0.0,0.0,0.0,0.0,0,0,320,0,pip_numpy\numpy\_core\_struct_ufunc_tests.cp312-win_amd64.pyd,pip_numpy
34404,240,8226,14,44,19968,15360,0,20564,4096,0,6442450944,4096,512,6,0,0,0,6,0,49152,1024,69179,2,352,1048576,4096,1048576,4096,0,16,5,3.6132799161345277,1.573903013592393,6.1261721926223585,6656.0,512,19968,6709.2,152,19464,7,68,0,1,0,0.0,0.0,0.0,0.0,0,0,320,0,pip_numpy\numpy\_core\_umath_tests.cp312-win_amd64.pyd,pip_numpy
34404,240,8750,2,36,19897856,20588032,9216,4944,4096,0,10752557056,4096,512,4,0,0,0,5,2,20631552,1024,20649423,3,352,2097152,4096,1048576,4096,0,16,11,3.720241508273109,0.0,6.231631794428342,1871639.2727272727,0,19897856,1872224.4545454546,16,19897608,14,157,0,10064,0,0.0,0.0,0.0,0.0,0,0,0,0,pip_numpy\numpy.libs\libscipy_openblas64_-ed4f167a5330424524f45258e7ca2c8d.dll,pip_numpy
34404,240,8226,14,40,341504,219136,0,335664,4096,0,6442450944,4096,512,6,0,10,0,6,0,577536,1024,601162,3,16736,1048576,4096,1048576,4096,0,16,6,4.917604275074079,3.1786345728648637,6.366720981757614,92245.33333333333,1024,341504,93143.0,960,341164,14,193,0,1515,1,3.4750810840562996,3.4750810840562996,3.4750810840562996,860.0,860,860,320,16,pip_numpy\numpy.libs\msvcp140-a4c2229bdc2a2a630acdc095b4d86008.dll,pip_numpy
34404,240,8226,14,51,175104,49152,0,132496,4096,0,6442450944,4096,512,6,0,0,0,6,0,237568,1024,0,2,352,1048576,4096,1048576,4096,0,16,5,4.006064581201432,0.8138229079141692,6.915888743499677,44748.8,512,175104,44561.6,96,175048,7,89,0,7,0,0.0,0.0,0.0,0.0,0,0,320,0,pip_orjson\orjson\orjson.cp312-win_amd64.pyd,pip_orjson
34404,240,8226,14,51,1301504,98304,0,1302912,4096,0,6442450944,4096,512,6,0,0,0,6,0,1409024,1024,1403247,2,352,1048576,4096,1048576,4096,0,16,5,5.221936875339074,2.6649218990207615,6.2255237909535195,278016.0,1536,1301504,279788.4,1508,1301352,7,207,0,1,0,0.0,0.0,0.0,0.0,0,0,320,0,pip_pandas\pandas\_libs\algos.cp312-win_amd64.pyd,pip_pandas
34404,240,8226,14,51,54784,29184,0,56288,4096,0,6442450944,4096,512,6,0,0,0,6,0,98304,1024,99224,2,352,1048576,4096,1048576,4096,0,16,5,4.464189904422033,1.916018952427193,6.055726671159391,16384.0,512,54784,16544.8,388,54728,4,165,0,1,0,0.0,0.0,0.0,0.0,0,0,320,0,pip_pandas\pandas\_libs\arrays.cp312-win_amd64.pyd,pip_pandas
34404,240,8226,14,51,24064,16384,0,25344,4096,0,6442450944,4096,512,6,0,0,0,6,0,53248,1024,63934,2,352,1048576,4096,1048576,4096,0,16,5,3.947717502947191,1.6979062696413514,6.057594166066364,7987.2,512,24064,7883.2,240,23784,4,123,0,1,0,0.0,0.0,0.0,0.0,0,0,320,0,pip_pandas\pandas\_libs\byteswap.cp312-win_amd64.pyd,pip_pandas
34404,240,8226,14,51,1619968,95232,0,1621104,4096,0,6442450944,4096,512,6,0,0,0,6,0,1732608,1024,1745904,2,352,1048576,4096,1048576,4096,0,16,5,5.225783991158957,2.8364048261064845,6.104857351075504,340889.6,1536,1619968,342791.2,1536,1619544,7,213,0,1,0,0.0,0.0,0.0,0.0,0,0,320,0,pip_pandas\pandas\_libs\groupby.cp312-win_amd64.pyd,pip_pandas
34404,240,8226,14,51,44544,24576,0,46016,4096,0,6442450944,4096,512,6,0,0,0,6,0,81920,1024,127801,2,352,1048576,4096,1048576,4096,0,16,5,4.115655112019678,1.7334087447325985,6.2139485501633995,13516.8,512,44544,13571.6,236,44440,6,155,0,1,0,0.0,0.0,0.0,0.0,0,0,320,0,pip_pandas\pandas\_libs\hashing.cp312-win_amd64.pyd,pip_pandas
34404,240,8226,14,51,1328640,244736,0,1329728,4096,0,6442450944,4096,512,6,0,0,0,6,0,1585152,1024,1564083,2,352,1048576,4096,1048576,4096,0,16,5,5.15906899760206,2.680022686332107,6.297631126314129,308019.2,4608,1328640,314247.2,4176,1328152,7,215,0,1,0,0.0,0.0,0.0,0.0,0,0,320,0,pip_pandas\pandas\_libs\hashtable.cp312-win_amd64.pyd,pip_pandas
34404,240,8226,14,51,432640,98816,0,433856,4096,0,6442450944,4096,512,6,0,0,0,6,0,544768,1024,573069,2,352,1048576,4096,1048576,4096,0,16,5,5.042505234651214,2.276207951281481,6.208440640845373,104038.4,2048,432640,106022.4,1928,432296,4,219,0,1,0,0.0,0.0,0.0,0.0,0,0,320,0,pip_pandas\pandas\_libs\index.cp312-win_amd64.pyd,pip_pandas
34404,240,8226,14,51,27648,19968,0,29072,4096,0,6442450944,4096,512,6,0,0,0,6,0,61440,1024,89716,2,352,1048576,4096,1048576,4096,0,16,5,4.098131525326401,1.6444346111315382,6.069864765261113,9318.4,512,27648,9279.2,276,27512,4,144,0,1,0,0.0,0.0,0.0,0.0,0,0,320,0,pip_pandas\pandas\_libs\indexing.cp312-win_amd64.pyd,pip_pandas
34404,240,8226,14,51,156672,53248,0,157824,4096,0,6442450944,4096,512,6,0,0,0,6,0,225280,1024,212780,2,352,1048576,4096,1048576,4096,0,16,5,4.764139282295975,2.1931194973179937,6.193141496278859,41062.4,1024,156672,41694.0,728,156248,5,210,0,1,0,0.0,0.0,0.0,0.0,0,0,320,0,pip_pandas\pandas\_libs\internals.cp312-win_amd64.pyd,pip_pandas
34404,240,8226,14,51,637952,116224,0,639088,4096,0,6442450944,4096,512,6,0,0,0,6,0,761856,1024,792048,2,352,1048576,4096,1048576,4096,0,16,5,5.000714304844926,2.305074465419049,6.216309847112695,149606.4,2560,637952,150525.6,2084,637512,5,207,0,1,0,0.0,0.0,0.0,0.0,0,0,320,0,pip_pandas\pandas\_libs\interval.cp312-win_amd64.pyd,pip_pandas
34404,240,8226,14,51,701952,52224,0,703280,4096,0,6442450944,4096,512,6,0,0,0,6,0,770048,1024,810345,2,352,1048576,4096,1048576,4096,0,16,5,4.958291375880304,2.6173335705235234,6.175317165045004,150118.4,1024,701952,150541.6,780,701704,5,180,0,1,0,0.0,0.0,0.0,0.0,0,0,320,0,pip_pandas\pandas\_libs\join.cp312-win_amd64.pyd,pip_pandas
34404,240,8226,14,51,34816,16384,0,36128,4096,0,6442450944,4096,512,6,0,0,0,6,0,69632,1024,111391,2,352,1048576,4096,1048576,4096,0,16,5,3.6699678012334367,1.189207021705657,6.1008973603821115,10137.6,512,34816,9972.8,96,34520,10,99,0,4,0,0.0,0.0,0.0,0.0,0,0,320,0,pip_pandas\pandas\_libs\json.cp312-win_amd64.pyd,pip_pandas
34404,240,8226,14,51,351232,98304,0,352400,4096,0,6442450944,4096,512,6,0,0,0,6,0,458752,1024,465044,2,352,1048576,4096,1048576,4096,0,16,5,5.013218304107568,2.341739565546872,6.2297152685497945,88166.4,1536,351232,89574.0,1292,350824,5,228,0,1,0,0.0,0.0,0.0,0.0,0,0,320,0,pip_pandas\pandas\_libs\lib.cp312-win_amd64.pyd,pip_pandas
34404,240,8226,14,51,104448,37376,0,105648,4096,0,6442450944,4096,512,6,0,0,0,6,0,155648,1024,147064,2,352,1048576,4096,1048576,4096,0,16,5,4.663738733672561,2.0926665204933985,6.158821584316124,27750.4,512,104448,28155.2,392,104088,4,188,0,1,0,0.0,0.0,0.0,0.0,0,0,320,0,pip_pandas\pandas\_libs\missing.cp312-win_amd64.pyd,pip_pandas
34404,240,8226,14,51,71168,27648,0,72496,4096,0,6442450944,4096,512,6,0,0,0,6,0,110592,1024,135997,2,352,1048576,4096,1048576,4096,0,16,5,4.306812415535855,1.965050703893022,6.176293270363308,19353.6,512,71168,19427.6,260,70920,5,156,0,1,0,0.0,0.0,0.0,0.0,0,0,320,0,pip_pandas\pandas\_libs\ops.cp312-win_amd64.pyd,pip_pandas
34404,240,8226,14,51,26624,18432,0,28112,4096,0,6442450944,4096,512,6,0,0,0,6,0,61440,1024,70718,2,352,1048576,4096,1048576,4096,0,16,5,3.8681675767115387,1.5954007605027214,6.073434011104591,8806.4,512,26624,8744.8,228,26552,4,134,0,1,0,0.0,0.0,0.0,0.0,0,0,320,0,pip_pandas\pandas\_libs\ops_dispatch.cp312-win_amd64.pyd,pip_pandas
34404,240,8226,14,51,22016,12800,0,23408,4096,0,6442450944,4096,512,6,0,0,0,6,0,53248,1024,43526,2,352,1048576,4096,1048576,4096,0,16,5,3.331377525452831,0.761377707455679,6.395679259154266,6963.2,512,22016,6720.8,64,21816,6,55,0,1,0,0.0,0.0,0.0,0.0,0,0,320,0,pip_pandas\pandas\_libs\pandas_datetime.cp312-win_amd64.pyd,pip_pandas
34404,240,8226,14,51,17920,11264,0,19488,4096,0,6442450944,4096,512,6,0,0,0,6,0,45056,1024,50201,2,352,1048576,4096,1048576,4096,0,16,5,4.378625174049306,0.7114708305125921,7.007191460115861,5836.8,512,17920,5621.2,56,17912,8,60,0,1,0,0.0,0.0,0.0,0.0,0,0,320,0,pip_pandas\pandas\_libs\pandas_parser.cp312-win_amd64.pyd,pip_pandas
34404,240,8226,14,51,217600,54272,0,218976,4096,0,6442450944,4096,512,6,0,0,0,6,0,290816,1024,291523,2,352,1048576,4096,1048576,4096,0,16,5,4.673326185864531,2.2076834820149145,6.233757938527115,53452.8,1024,217600,54139.2,572,217416,7,255,0,1,0,0.0,0.0,0.0,0.0,0,0,320,0,pip_pandas\pandas\_libs\parsers.cp312-win_amd64.pyd,pip_pandas
34404,240,8226,14,51,35328,22528,0,36736,4096,0,6442450944,4096,512,6,0,0,0,6,0,69632,1024,63049,2,352,1048576,4096,1048576,4096,0,16,5,4.207917762676002,1.6578021991767717,6.056810090925292,11366.4,512,35328,11304.8,328,35176,4,147,0,1,0,0.0,0.0,0.0,0.0,0,0,320,0,pip_pandas\pandas\_libs\properties.cp312-win_amd64.pyd,pip_pandas
34404,240,8226,14,51,100864,31232,0,102352,4096,0,6442450944,4096,512,6,0,0,0,6,0,147456,1024,134378,2,352,1048576,4096,1048576,4096,0,16,5,4.530950286799198,1.9891892012855097,6.1810588526630985,26112.0,512,100864,26213.2,400,100776,5,161,0,1,0,0.0,0.0,0.0,0.0,0,0,320,0,pip_pandas\pandas\_libs\reshape.cp312-win_amd64.pyd,pip_pandas
34404,240,8226,14,51,63488,26624,0,64832,4096,0,6442450944,4096,512,6,0,0,0,6,0,106496,1024,123068,2,352,1048576,4096,1048576,4096,0,16,5,4.308242196147244,1.68993433940369,6.155137639120678,17612.8,512,63488,17763.2,280,63256,6,177,0,1,0,0.0,0.0,0.0,0.0,0,0,320,0,pip_pandas\pandas\_libs\sas.cp312-win_amd64.pyd,pip_pandas
34404,240,8226,14,51,516096,68608,0,517424,4096,0,6442450944,4096,512,6,0,0,0,6,0,598016,1024,618761,2,352,1048576,4096,1048576,4096,0,16,5,4.896785011590003,2.166853101002492,6.2550755609589315,116224.0,1024,516096,116630.8,708,515864,6,184,0,1,0,0.0,0.0,0.0,0.0,0,0,320,0,pip_pandas\pandas\_libs\sparse.cp312-win_amd64.pyd,pip_pandas
34404,240,8226,14,51,49152,24064,0,50464,4096,0,6442450944,4096,512,6,0,0,0,6,0,86016,1024,129737,2,352,1048576,4096,1048576,4096,0,16,5,4.114482465708578,1.6142514018965797,6.103255633549526,14336.0,512,49152,14378.0,236,48904,4,169,0,1,0,0.0,0.0,0.0,0.0,0,0,320,0,pip_pandas\pandas\_libs\testing.cp312-win_amd64.pyd,pip_pandas
34404,240,8226,14,51,77312,33280,0,78784,4096,0,6442450944,4096,512,6,0,0,0,6,0,126976,1024,110596,2,352,1048576,4096,1048576,4096,0,16,5,4.435920301007486,2.054471752457264,6.205299814792639,21606.4,512,77312,21948.0,304,77208,5,173,0,1,0,0.0,0.0,0.0,0.0,0,0,320,0,pip_pandas\pandas\_libs\tslib.cp312-win_amd64.pyd,pip_pandas
34404,240,8226,14,51,62976,28672,0,64272,4096,0,6442450944,4096,512,6,0,0,0,6,0,110592,1024,112503,2,352,1048576,4096,1048576,4096,0,16,5,4.4765151570847985,2.059144980418201,6.200920643727274,17920.0,512,62976,18091.2,320,62696,5,162,0,1,0,0.0,0.0,0.0,0.0,0,0,320,0,pip_pandas\pandas\_libs\writers.cp312-win_amd64.pyd,pip_pandas
34404,240,8226,14,51,93696,34304,0,95104,4096,0,6442450944,4096,512,6,0,0,0,6,0,143360,1024,189323,2,352,1048576,4096,1048576,4096,0,16,5,4.359957514667395,1.7328775952151698,6.231489684593348,25292.8,512,93696,25354.0,272,93528,7,187,0,1,0,0.0,0.0,0.0,0.0,0,0,320,0,pip_pandas\pandas\_libs\_cyutility.cp312-win_amd64.pyd,pip_pandas
34404,240,8226,14,51,26112,19456,0,27504,4096,0,6442450944,4096,512,6,0,0,0,6,0,61440,1024,61868,2,352,1048576,4096,1048576,4096,0,16,5,4.062467892506847,1.8085247111569447,6.054946046682133,8908.8,512,26112,8887.2,260,25944,4,138,0,1,0,0.0,0.0,0.0,0.0,0,0,320,0,pip_pandas\pandas\_libs\tslibs\base.cp312-win_amd64.pyd,pip_pandas
34404,240,8226,14,51,36864,23552,0,38000,4096,0,6442450944,4096,512,6,0,0,0,6,0,73728,1024,88863,2,352,1048576,4096,1048576,4096,0,16,5,4.108965618858063,1.8008556660279718,6.093778896298232,11673.6,512,36864,11756.0,260,36440,4,140,0,1,0,0.0,0.0,0.0,0.0,0,0,320,0,pip_pandas\pandas\_libs\tslibs\ccalendar.cp312-win_amd64.pyd,pip_pandas
34404,240,8226,14,51,95232,33792,0,96432,4096,0,6442450944,4096,512,6,0,0,0,6,0,147456,1024,147820,2,352,1048576,4096,1048576,4096,0,16,5,4.450561171901488,1.9167500735905754,6.191485246436573,25292.8,512,95232,25561.6,316,94872,5,189,0,1,0,0.0,0.0,0.0,0.0,0,0,320,0,pip_pandas\pandas\_libs\tslibs\conversion.cp312-win_amd64.pyd,pip_pandas
34404,240,8226,14,51,82944,34816,0,84400,4096,0,6442450944,4096,512,6,0,0,0,6,0,131072,1024,146654,2,352,1048576,4096,1048576,4096,0,16,5,4.457292610400211,1.8599661272733605,6.10020898176727,22835.2,512,82944,23302.8,352,82840,4,184,0,1,0,0.0,0.0,0.0,0.0,0,0,320,0,pip_pandas\pandas\_libs\tslibs\dtypes.cp312-win_amd64.pyd,pip_pandas
34404,240,8226,14,51,116736,36352,0,117840,4096,0,6442450944,4096,512,6,0,0,0,6,0,167936,1024,208475,2,352,1048576,4096,1048576,4096,0,16,5,4.610521496539376,2.11965688964408,6.211826888904927,30003.2,512,116736,30380.4,344,116264,5,176,0,1,0,0.0,0.0,0.0,0.0,0,0,320,0,pip_pandas\pandas\_libs\tslibs\fields.cp312-win_amd64.pyd,pip_pandas
34404,240,8226,14,51,104960,47616,0,106304,4096,0,6442450944,4096,512,6,0,0,0,6,0,163840,1024,191746,2,352,1048576,4096,1048576,4096,0,16,5,4.640572088566481,2.0555513354904362,6.483744626650681,29798.4,1024,104960,30252.8,572,104744,4,179,0,1,0,0.0,0.0,0.0,0.0,0,0,320,0,pip_pandas\pandas\_libs\tslibs\nattype.cp312-win_amd64.pyd,pip_pandas
34404,240,8226,14,51,67072,29184,0,68192,4096,0,6442450944,4096,512,6,0,0,0,6,0,110592,1024,150471,2,352,1048576,4096,1048576,4096,0,16,5,4.422066607629513,1.9090726255181074,6.146593703631295,18841.6,512,67072,19066.0,268,66632,4,160,0,1,0,0.0,0.0,0.0,0.0,0,0,320,0,pip_pandas\pandas\_libs\tslibs\np_datetime.cp312-win_amd64.pyd,pip_pandas
34404,240,8226,14,51,543744,223232,0,545024,4096,0,6442450944,4096,512,6,0,0,0,6,0,782336,1024,755967,2,352,1048576,4096,1048576,4096,0,16,5,5.1274197096605,2.4421018199877698,6.231634179665783,150528.0,3072,543744,153151.2,2864,543464,4,255,0,1,0,0.0,0.0,0.0,0.0,0,0,320,0,pip_pandas\pandas\_libs\tslibs\offsets.cp312-win_amd64.pyd,pip_pandas
34404,240,8226,14,51,123392,41472,0,124832,4096,0,6442450944,4096,512,6,0,0,0,6,0,180224,1024,179100,2,352,1048576,4096,1048576,4096,0,16,5,4.569368735333272,2.118402418345347,6.21512891248787,32153.6,512,123392,32790.4,300,123256,5,210,0,1,0,0.0,0.0,0.0,0.0,0,0,320,0,pip_pandas\pandas\_libs\tslibs\parsing.cp312-win_amd64.pyd,pip_pandas
34404,240,8226,14,51,185344,89088,0,186560,4096,0,6442450944,4096,512,6,0,0,0,6,0,290816,1024,310018,2,352,1048576,4096,1048576,4096,0,16,5,4.827650148893289,2.3120415756776596,6.259285850891381,53862.4,1024,185344,54723.2,660,184984,8,214,0,1,0,0.0,0.0,0.0,0.0,0,0,320,0,pip_pandas\pandas\_libs\tslibs\period.cp312-win_amd64.pyd,pip_pandas
34404,240,8226,14,51,122368,39424,0,123728,4096,0,6442450944,4096,512,6,0,0,0,6,0,176128,1024,182279,2,352,1048576,4096,1048576,4096,0,16,5,4.575860629769983,1.9265058254072538,6.225737774444719,31641.6,512,122368,32139.6,320,122152,5,205,0,1,0,0.0,0.0,0.0,0.0,0,0,320,0,pip_pandas\pandas\_libs\tslibs\strptime.cp312-win_amd64.pyd,pip_pandas
34404,240,8226,14,51,262144,84992,0,263584,4096,0,6442450944,4096,512,6,0,0,0,6,0,356352,1024,397097,2,352,1048576,4096,1048576,4096,0,16,5,4.941659743570954,2.3379126778150794,6.226554820474795,68096.0,1024,262144,69232.8,768,262008,5,238,0,1,0,0.0,0.0,0.0,0.0,0,0,320,0,pip_pandas\pandas\_libs\tslibs\timedeltas.cp312-win_amd64.pyd,pip_pandas
34404,240,8226,14,51,237568,138752,0,239056,4096,0,6442450944,4096,512,6,0,0,0,6,0,389120,1024,393062,2,352,1048576,4096,1048576,4096,0,16,5,5.094331727395153,2.458476853360975,6.19034087734012,73830.4,1024,237568,75059.6,980,237480,5,223,0,1,0,0.0,0.0,0.0,0.0,0,0,320,0,pip_pandas\pandas\_libs\tslibs\timestamps.cp312-win_amd64.pyd,pip_pandas
34404,240,8226,14,51,84992,30720,0,86464,4096,0,6442450944,4096,512,6,0,0,0,6,0,131072,1024,131228,2,352,1048576,4096,1048576,4096,0,16,5,4.431902786369295,1.9512145129992673,6.129482748064214,22630.4,512,84992,22902.4,272,84888,5,171,0,1,0,0.0,0.0,0.0,0.0,0,0,320,0,pip_pandas\pandas\_libs\tslibs\timezones.cp312-win_amd64.pyd,pip_pandas
34404,240,8226,14,51,104448,35328,0,105920,4096,0,6442450944,4096,512,6,0,0,0,6,0,155648,1024,199163,2,352,1048576,4096,1048576,4096,0,16,5,4.436040642377968,1.8318206844952543,6.16835543072038,27443.2,512,104448,27752.4,300,104344,5,189,0,1,0,0.0,0.0,0.0,0.0,0,0,320,0,pip_pandas\pandas\_libs\tslibs\tzconversion.cp312-win_amd64.pyd,pip_pandas
34404,240,8226,14,51,52736,27648,0,54000,4096,0,6442450944,4096,512,6,0,0,0,6,0,90112,1024,104407,2,352,1048576,4096,1048576,4096,0,16,5,4.315268967629575,1.8345199934371856,6.078815085219905,15667.2,512,52736,15850.8,280,52424,5,154,0,1,0,0.0,0.0,0.0,0.0,0,0,320,0,pip_pandas\pandas\_libs\tslibs\vectorized.cp312-win_amd64.pyd,pip_pandas
34404,240,8226,14,51,271872,64512,0,271200,4096,0,6442450944,4096,512,6,0,0,0,6,0,352256,1024,341475,2,352,1048576,4096,1048576,4096,0,16,5,4.692764717440651,2.001361488271998,6.285917399763129,66560.0,1024,271872,66964.8,592,271368,11,234,0,1,0,0.0,0.0,0.0,0.0,0,0,320,0,pip_pandas\pandas\_libs\window\aggregations.cp312-win_amd64.pyd,pip_pandas
34404,240,8226,14,51,105984,41984,0,107216,4096,0,6442450944,4096,512,6,0,0,0,6,0,163840,1024,180579,2,352,1048576,4096,1048576,4096,0,16,5,4.753009990870156,1.9048376879581745,6.2217292231152905,29184.0,512,105984,29364.8,424,105640,7,207,0,1,0,0.0,0.0,0.0,0.0,0,0,320,0,pip_pandas\pandas\_libs\window\indexers.cp312-win_amd64.pyd,pip_pandas
34404,240,8226,14,40,341504,219136,0,335664,4096,0,6442450944,4096,512,6,0,10,0,6,0,577536,1024,601162,3,16736,1048576,4096,1048576,4096,0,16,6,4.917604275074079,3.1786345728648637,6.366720981757614,92245.33333333333,1024,341504,93143.0,960,341164,14,193,0,1515,1,3.4750810840562996,3.4750810840562996,3.4750810840562996,860.0,860,860,320,16,pip_pandas\pandas.libs\msvcp140-a4c2229bdc2a2a630acdc095b4d86008.dll,pip_pandas
34404,240,8226,14,51,4131328,4350976,0,4131920,4096,0,6442450944,4096,512,6,0,0,0,6,0,8499200,1024,0,2,352,1048576,4096,1048576,4096,0,16,6,5.086648650803384,2.5273918504807127,6.835749163353599,1315413.3333333333,512,4131328,1413498.0,248,4130904,11,117,0,1,1,4.8858005160656415,4.8858005160656415,4.8858005160656415,145.0,145,145,320,0,pip_pillow\PIL\_avif.cp312-win_amd64.pyd,pip_pillow
34404,240,8226,14,51,1827328,814592,0,1448096,4096,0,6442450944,4096,512,6,0,0,0,6,0,2662400,1024,0,2,352,1048576,4096,1048576,4096,0,16,6,4.852562536831317,2.5066480064217336,6.588124362067463,438613.3333333333,512,1827328,440154.0,248,1826936,14,247,0,1,1,4.8858005160656415,4.8858005160656415,4.8858005160656415,145.0,145,145,320,0,pip_pillow\PIL\_imaging.cp312-win_amd64.pyd,pip_pillow
34404,240,8226,14,51,193536,77824,0,194320,4096,0,6442450944,4096,512,6,0,0,0,6,0,290816,1024,0,2,352,1048576,4096,1048576,4096,0,16,6,4.402325424837602,1.585269735612699,6.462035827734974,45226.666666666664,512,193536,45008.333333333336,248,193400,12,96,0,1,1,4.8858005160656415,4.8858005160656415,4.8858005160656415,145.0,145,145,320,0,pip_pillow\PIL\_imagingcms.cp312-win_amd64.pyd,pip_pillow
34404,240,8226,14,51,1418752,756224,0,1419232,4096,0,6442450944,4096,512,6,0,0,0,6,0,2191360,1024,0,2,352,1048576,4096,1048576,4096,0,16,6,4.98141597293831,2.5312981004807127,6.562724010047613,362325.3333333333,512,1418752,362214.3333333333,248,1418408,11,130,0,1,1,4.8858005160656415,4.8858005160656415,4.8858005160656415,145.0,145,145,320,0,pip_pillow\PIL\_imagingft.cp312-win_amd64.pyd,pip_pillow
34404,240,8226,14,51,12800,7680,0,14112,4096,0,6442450944,4096,512,6,0,0,0,6,0,45056,1024,0,2,352,1048576,4096,1048576,4096,0,16,6,3.0692926932623315,0.8355318565558643,6.1214181587939205,3413.3333333333335,512,12800,3195.3333333333335,64,12552,5,32,0,1,1,4.8858005160656415,4.8858005160656415,4.8858005160656415,145.0,145,145,320,0,pip_pillow\PIL\_imagingmath.cp312-win_amd64.pyd,pip_pillow
34404,240,8226,14,51,5632,6144,0,6976,4096,0,6442450944,4096,512,6,0,0,0,6,0,32768,1024,0,2,352,1048576,4096,1048576,4096,0,16,6,3.0224591521853874,0.8832534462173729,5.9866086583298275,1877.3333333333333,512,5632,1689.3333333333333,68,5400,4,30,0,1,1,4.8858005160656415,4.8858005160656415,4.8858005160656415,145.0,145,145,320,0,pip_pillow\PIL\_imagingmorph.cp312-win_amd64.pyd,pip_pillow
34404,240,8226,14,51,6144,8192,0,7088,4096,0,6442450944,4096,512,6,0,0,0,6,0,36864,1024,0,2,352,1048576,4096,1048576,4096,0,16,6,2.8210074796142197,0.7946984933539012,6.00803828433563,2304.0,512,6144,2013.6666666666667,60,6008,9,40,0,1,1,4.8858005160656415,4.8858005160656415,4.8858005160656415,145.0,145,145,320,0,pip_pillow\PIL\_imagingtk.cp312-win_amd64.pyd,pip_pillow
34404,240,8226,14,51,334336,90624,0,323952,4096,0,6442450944,4096,512,6,0,0,0,6,0,438272,1024,0,2,352,1048576,4096,1048576,4096,0,16,6,4.349963907832623,1.3475228561569697,6.485525345223404,69205.33333333333,512,334336,70494.66666666667,248,333880,8,71,0,1,1,4.8858005160656415,4.8858005160656415,4.8858005160656415,145.0,145,145,320,0,pip_pillow\PIL\_webp.cp312-win_amd64.pyd,pip_pillow
34404,240,8230,2,35,235008,325120,3584,4944,4096,0,1832910848,4096,512,4,0,0,0,5,2,647168,1536,763485,3,0,2097152,4096,1048576,4096,0,16,19,3.5360424697979864,0.0,6.350256634023501,31744.0,0,235008,31665.526315789473,16,234984,3,181,0,1,0,0.0,0.0,0.0,0.0,0,0,0,0,pip_protobuf\google\_upb\_message.pyd,pip_protobuf
34404,240,8226,14,44,43520,28160,0,44704,4096,0,6442450944,4096,512,6,0,0,0,6,0,90112,1024,0,2,352,1048576,4096,1048576,4096,0,16,6,3.871844453957206,1.733381202737378,6.039827793768777,11605.333333333334,512,43520,11687.0,248,43432,15,182,0,1,1,4.8858005160656415,4.8858005160656415,4.8858005160656415,145.0,145,145,320,0,pip_psutil\psutil\_psutil_windows.pyd,pip_psutil
34404,240,8226,14,44,16025600,6149632,0,15514080,4096,0,6442450944,4096,512,6,0,0,0,6,0,22196224,1024,0,3,352,1048576,4096,1048576,4096,0,16,6,5.80071880837333,4.72844905044617,6.74766130743443,3665493.3333333335,512,16025600,3695695.8333333335,480,16025419,31,745,0,8469,1,4.911614515735104,4.911614515735104,4.911614515735104,381.0,381,381,320,0,pip_pyarrow\pyarrow\arrow.dll,pip_pyarrow
34404,240,8226,14,44,847872,404992,0,803336,4096,0,6442450944,4096,512,6,0,0,0,6,0,1269760,1024,0,3,352,1048576,4096,1048576,4096,0,16,6,5.509787283780926,4.718390801651052,6.300362362160039,208469.33333333334,512,847872,208514.16666666666,480,847489,11,488,0,529,1,4.911614515735104,4.911614515735104,4.911614515735104,381.0,381,381,320,0,pip_pyarrow\pyarrow\arrow_acero.dll,pip_pyarrow
34404,240,8226,14,44,7393280,2199040,0,7248360,4096,0,6442450944,4096,512,6,0,0,0,6,0,9613312,1024,0,3,352,1048576,4096,1048576,4096,0,16,7,5.0747255357470475,1.6061352357587124,6.529278708404875,1348608.0,512,7393280,1370159.5714285714,104,7392859,12,1378,0,365,1,4.911614515735104,4.911614515735104,4.911614515735104,381.0,381,381,320,0,pip_pyarrow\pyarrow\arrow_compute.dll,pip_pyarrow
34404,240,8226,14,44,782336,552960,0,728240,4096,0,6442450944,4096,512,6,0,0,0,6,0,1351680,1024,0,3,352,1048576,4096,1048576,4096,0,16,6,5.473023496392855,4.724728911998389,6.246569482083304,222208.0,512,782336,222371.66666666666,480,782206,10,579,0,673,1,4.911614515735104,4.911614515735104,4.911614515735104,381.0,381,381,320,0,pip_pyarrow\pyarrow\arrow_dataset.dll,pip_pyarrow
34404,240,8226,14,44,10410496,4391936,0,10135824,4096,0,6442450944,4096,512,6,0,0,0,6,0,14819328,1024,0,3,352,1048576,4096,1048576,4096,0,16,6,5.712160929741653,4.719348272345726,6.534040422407939,2443178.6666666665,512,10410496,2466930.1666666665,480,10410443,23,565,0,905,1,4.911614515735104,4.911614515735104,4.911614515735104,381.0,381,381,320,0,pip_pyarrow\pyarrow\arrow_flight.dll,pip_pyarrow
34404,240,8226,14,44,775168,411136,0,738880,4096,0,6442450944,4096,512,6,0,0,0,6,0,1204224,1024,0,3,352,1048576,4096,1048576,4096,0,16,6,5.421867010248619,4.718390801651052,6.3169704492331205,197290.66666666666,512,775168,197488.5,480,774919,12,1185,0,299,1,4.911614515735104,4.911614515735104,4.911614515735104,381.0,381,381,320,0,pip_pyarrow\pyarrow\arrow_python.dll,pip_pyarrow
34404,240,8226,14,44,32256,32768,0,29916,4096,0,6442450944,4096,512,6,0,0,0,6,0,81920,1024,0,3,352,1048576,4096,1048576,4096,0,16,6,4.54766783309429,2.9156348735553377,5.935174266647314,10581.333333333334,512,32256,10681.666666666666,224,31788,10,113,0,88,1,4.911614515735104,4.911614515735104,4.911614515735104,381.0,381,381,320,0,pip_pyarrow\pyarrow\arrow_python_flight.dll,pip_pyarrow
34404,240,8226,14,44,13312,19456,0,12764,4096,0,6442450944,4096,512,6,0,0,0,6,0,53248,1024,0,3,352,1048576,4096,1048576,4096,0,16,6,3.9914573249410967,1.599595797145869,5.935996873791754,5205.333333333333,512,14336,5249.333333333333,112,14336,10,87,0,30,1,4.911614515735104,4.911614515735104,4.911614515735104,381.0,381,381,320,0,pip_pyarrow\pyarrow\arrow_python_parquet_encryption.dll,pip_pyarrow
34404,240,8226,14,44,1992704,878080,0,1933680,4096,0,6442450944,4096,512,6,0,0,0,6,0,2887680,1024,0,3,352,1048576,4096,1048576,4096,0,16,6,5.48163852264085,4.221970802955078,6.407910357782927,459264.0,512,1992704,478236.8333333333,480,1992427,15,736,0,163,1,4.911614515735104,4.911614515735104,4.911614515735104,381.0,381,381,320,0,pip_pyarrow\pyarrow\arrow_substrait.dll,pip_pyarrow
34404,240,8226,14,44,2685440,1004032,0,2666748,4096,0,6442450944,4096,512,6,0,0,0,6,0,3702784,1024,0,3,352,1048576,4096,1048576,4096,0,16,6,5.115185262117903,2.1707461688663825,6.185194837744593,606378.6666666666,512,2685440,614738.3333333334,480,2685322,9,961,0,1,1,4.911614515735104,4.911614515735104,4.911614515735104,381.0,381,381,320,0,pip_pyarrow\pyarrow\lib.cp312-win_amd64.pyd,pip_pyarrow
34404,240,8226,14,44,4727296,2187264,0,4639756,4096,0,6442450944,4096,512,6,0,0,0,6,0,6934528,1024,0,3,352,1048576,4096,1048576,4096,0,16,6,5.681479989817731,4.719348272345726,6.662146570227134,1149269.3333333333,512,4727296,1152207.6666666667,480,4727212,19,938,0,1700,1,4.911614515735104,4.911614515735104,4.911614515735104,381.0,381,381,320,0,pip_pyarrow\pyarrow\parquet.dll,pip_pyarrow
34404,240,8226,14,44,126976,63488,0,123820,4096,0,6442450944,4096,512,6,0,0,0,6,0,208896,1024,0,3,352,1048576,4096,1048576,4096,0,16,6,4.886888309110009,2.3865834148279568,6.064218193496451,30805.333333333332,512,126976,31526.0,480,126590,10,243,0,1,1,4.911614515735104,4.911614515735104,4.911614515735104,381.0,381,381,320,0,pip_pyarrow\pyarrow\_acero.cp312-win_amd64.pyd,pip_pyarrow
34404,240,8226,14,44,59904,34816,0,59228,4096,0,6442450944,4096,512,6,0,0,0,6,0,110592,1024,0,3,352,1048576,4096,1048576,4096,0,16,6,4.4670974654737226,2.2027978011790714,5.974805281721386,15104.0,512,59904,15548.666666666666,304,59424,9,185,0,1,1,4.911614515735104,4.911614515735104,4.911614515735104,381.0,381,381,320,0,pip_pyarrow\pyarrow\_azurefs.cp312-win_amd64.pyd,pip_pyarrow
34404,240,8226,14,44,520704,249344,0,514844,4096,0,6442450944,4096,512,6,0,0,0,6,0,790528,1024,0,3,352,1048576,4096,1048576,4096,0,16,6,5.046118868028415,2.472891611349613,6.146773812334272,125354.66666666667,512,520704,128106.33333333333,480,520382,10,450,0,1,1,4.911614515735104,4.911614515735104,4.911614515735104,381.0,381,381,320,0,pip_pyarrow\pyarrow\_compute.cp312-win_amd64.pyd,pip_pyarrow
34404,240,8226,14,44,182784,96256,0,180844,4096,0,6442450944,4096,512,6,0,0,0,6,0,294912,1024,0,3,352,1048576,4096,1048576,4096,0,16,6,4.875683116146523,2.4824387896925058,6.17156282826871,45482.666666666664,512,182784,46255.333333333336,480,182602,9,254,0,1,1,4.911614515735104,4.911614515735104,4.911614515735104,381.0,381,381,320,0,pip_pyarrow\pyarrow\_csv.cp312-win_amd64.pyd,pip_pyarrow
34404,240,8226,14,44,477184,237056,0,470260,4096,0,6442450944,4096,512,6,0,0,0,6,0,729088,1024,0,3,352,1048576,4096,1048576,4096,0,16,6,5.051821171474162,2.506952960126402,6.233661921474103,117162.66666666667,512,477184,118809.16666666667,480,476853,10,467,0,1,1,4.911614515735104,4.911614515735104,4.911614515735104,381.0,381,381,320,0,pip_pyarrow\pyarrow\_dataset.cp312-win_amd64.pyd,pip_pyarrow
34404,240,8226,14,44,42496,30208,0,41924,4096,0,6442450944,4096,512,6,0,0,0,6,0,90112,1024,0,3,352,1048576,4096,1048576,4096,0,16,6,4.352747437246426,2.372946559112103,5.844661122636613,11434.666666666666,512,42496,11834.833333333334,368,42219,7,155,0,1,1,4.911614515735104,4.911614515735104,4.911614515735104,381.0,381,381,320,0,pip_pyarrow\pyarrow\_dataset_orc.cp312-win_amd64.pyd,pip_pyarrow
34404,240,8226,14,44,176128,83968,0,174380,4096,0,6442450944,4096,512,6,0,0,0,6,0,278528,1024,0,3,352,1048576,4096,1048576,4096,0,16,6,4.974212737803256,2.4377265386954403,6.131025480422953,42154.666666666664,512,176128,43145.666666666664,480,175754,10,272,0,1,1,4.911614515735104,4.911614515735104,4.911614515735104,381.0,381,381,320,0,pip_pyarrow\pyarrow\_dataset_parquet.cp312-win_amd64.pyd,pip_pyarrow
34404,240,8226,14,44,59904,36352,0,58900,4096,0,6442450944,4096,512,6,0,0,0,6,0,114688,1024,0,3,352,1048576,4096,1048576,4096,0,16,6,4.495818761204287,2.2719239127418245,5.961693493587897,15274.666666666666,512,59904,15730.0,392,59518,8,157,0,1,1,4.911614515735104,4.911614515735104,4.911614515735104,381.0,381,381,320,0,pip_pyarrow\pyarrow\_dataset_parquet_encryption.cp312-win_amd64.pyd,pip_pyarrow
34404,240,8226,14,44,47616,32768,0,47180,4096,0,6442450944,4096,512,6,0,0,0,6,0,98304,1024,0,3,352,1048576,4096,1048576,4096,0,16,6,4.519936157762358,2.355464603826275,6.041709103329535,12629.333333333334,512,47616,13252.333333333334,348,47614,9,193,0,1,1,4.911614515735104,4.911614515735104,4.911614515735104,381.0,381,381,320,0,pip_pyarrow\pyarrow\_feather.cp312-win_amd64.pyd,pip_pyarrow
34404,240,8226,14,44,609792,256000,0,602444,4096,0,6442450944,4096,512,6,0,0,0,6,0,880640,1024,0,3,352,1048576,4096,1048576,4096,0,16,6,5.213636367665435,3.3285160937300375,6.230457351537956,141909.33333333334,512,609792,143978.66666666666,480,609390,11,516,0,1,1,4.911614515735104,4.911614515735104,4.911614515735104,381.0,381,381,320,0,pip_pyarrow\pyarrow\_flight.cp312-win_amd64.pyd,pip_pyarrow
34404,240,8226,14,44,198144,111616,0,195372,4096,0,6442450944,4096,512,6,0,0,0,6,0,327680,1024,0,3,352,1048576,4096,1048576,4096,0,16,6,5.1749195037744,3.8456050148395398,6.1866869350467635,50432.0,512,198144,51418.666666666664,480,197918,9,313,0,1,1,4.911614515735104,4.911614515735104,4.911614515735104,381.0,381,381,320,0,pip_pyarrow\pyarrow\_fs.cp312-win_amd64.pyd,pip_pyarrow
34404,240,8226,14,44,61952,35328,0,61212,4096,0,6442450944,4096,512,6,0,0,0,6,0,114688,1024,0,3,352,1048576,4096,1048576,4096,0,16,6,4.494928109718886,2.3967530457326482,5.980212859055801,15530.666666666666,512,61952,15983.0,340,61552,9,197,0,1,1,4.911614515735104,4.911614515735104,4.911614515735104,381.0,381,381,320,0,pip_pyarrow\pyarrow\_gcsfs.cp312-win_amd64.pyd,pip_pyarrow
34404,240,8226,14,44,61440,34304,0,60812,4096,0,6442450944,4096,512,6,0,0,0,6,0,110592,1024,0,3,352,1048576,4096,1048576,4096,0,16,6,4.449847346806407,2.267128467312673,5.974737495756413,15274.666666666666,512,61440,15715.666666666666,316,61134,9,194,0,1,1,4.911614515735104,4.911614515735104,4.911614515735104,381.0,381,381,320,0,pip_pyarrow\pyarrow\_hdfs.cp312-win_amd64.pyd,pip_pyarrow
34404,240,8226,14,44,67584,38400,0,67812,4096,0,6442450944,4096,512,6,0,0,0,6,0,122880,1024,0,3,352,1048576,4096,1048576,4096,0,16,6,4.52467966269418,1.6540577999070922,5.97255169570755,16981.333333333332,512,67584,17430.0,420,67150,7,183,0,1,1,4.911614515735104,4.911614515735104,4.911614515735104,381.0,381,381,320,0,pip_pyarrow\pyarrow\_json.cp312-win_amd64.pyd,pip_pyarrow
34404,240,8226,14,44,91648,48640,0,90412,4096,0,6442450944,4096,512,6,0,0,0,6,0,155648,1024,0,3,352,1048576,4096,1048576,4096,0,16,6,4.6634070118464335,2.627227023681693,6.121527892195587,22442.666666666668,512,91648,23087.0,480,91466,9,240,0,1,1,4.911614515735104,4.911614515735104,4.911614515735104,381.0,381,381,320,0,pip_pyarrow\pyarrow\_orc.cp312-win_amd64.pyd,pip_pyarrow
34404,240,8226,14,44,291840,122880,0,289036,4096,0,6442450944,4096,512,6,0,0,0,6,0,434176,1024,0,3,352,1048576,4096,1048576,4096,0,16,6,4.957830946868176,2.2756586034428667,6.182288456605968,67584.0,512,291840,68835.0,480,291358,10,364,0,1,1,4.911614515735104,4.911614515735104,4.911614515735104,381.0,381,381,320,0,pip_pyarrow\pyarrow\_parquet.cp312-win_amd64.pyd,pip_pyarrow
34404,240,8226,14,44,159744,86528,0,156428,4096,0,6442450944,4096,512,6,0,0,0,6,0,262144,1024,0,3,352,1048576,4096,1048576,4096,0,16,6,4.950020285244449,3.052001395762391,6.135615330713614,40106.666666666664,512,159744,40788.333333333336,480,159234,11,273,0,1,1,4.911614515735104,4.911614515735104,4.911614515735104,381.0,381,381,320,0,pip_pyarrow\pyarrow\_parquet_encryption.cp312-win_amd64.pyd,pip_pyarrow
34404,240,8226,14,44,47616,28672,0,47916,4096,0,6442450944,4096,512,6,0,0,0,6,0,94208,1024,0,3,352,1048576,4096,1048576,4096,0,16,6,4.267811666456459,1.8579157555270829,5.933081957168823,12032.0,512,47616,12484.666666666666,300,47290,9,170,0,1,1,4.911614515735104,4.911614515735104,4.911614515735104,381.0,381,381,320,0,pip_pyarrow\pyarrow\_pyarrow_cpp_tests.cp312-win_amd64.pyd,pip_pyarrow
34404,240,8226,14,44,90624,47104,0,88844,4096,0,6442450944,4096,512,6,0,0,0,6,0,159744,1024,0,3,352,1048576,4096,1048576,4096,0,16,6,4.662504181430177,2.3009960768716535,6.054794180997611,22101.333333333332,512,90624,22772.666666666668,364,90446,9,220,0,1,1,4.911614515735104,4.911614515735104,4.911614515735104,381.0,381,381,320,0,pip_pyarrow\pyarrow\_s3fs.cp312-win_amd64.pyd,pip_pyarrow
34404,240,8226,14,44,91136,53248,0,90556,4096,0,6442450944,4096,512,6,0,0,0,6,0,163840,1024,0,3,352,1048576,4096,1048576,4096,0,16,6,5.11959157826439,4.094763618843912,6.074385261657163,23210.666666666668,512,91136,23944.166666666668,480,91091,11,260,0,1,1,4.911614515735104,4.911614515735104,4.911614515735104,381.0,381,381,320,0,pip_pyarrow\pyarrow\_substrait.cp312-win_amd64.pyd,pip_pyarrow
34404,240,8226,14,44,324096,219136,0,318128,4096,0,6442450944,4096,512,6,0,10,0,6,0,561152,1024,605045,3,16736,1048576,4096,1048576,4096,0,16,6,4.927759150580633,3.189584990823412,6.357906214312982,89344.0,1024,324096,90259.0,960,323788,14,198,0,1515,1,3.4902030633829875,3.4902030633829875,3.4902030633829875,860.0,860,860,320,16,pip_pyarrow\pyarrow.libs\msvcp140-d448dcabdad98c14abc6ff2741df95cd.dll,pip_pyarrow
34404,240,8226,14,44,14848,48640,0,15936,4096,0,6442450944,4096,512,6,0,10,0,6,0,81920,1024,76340,3,16736,1048576,4096,1048576,4096,0,16,6,3.3042149569794694,1.240613962706036,6.161383592538226,4778.666666666667,512,14848,10228.0,88,34888,8,65,0,32,1,3.5005777026942333,3.5005777026942333,3.5005777026942333,932.0,932,932,320,16,pip_pyarrow\pyarrow.libs\msvcp140_atomic_wait-4bec1bd7c3f445519c6c93c879884a89.dll,pip_pyarrow
34404,240,8226,14,51,3866624,1537024,0,1650176,4096,0,6442450944,4096,512,6,0,0,0,6,0,5414912,1024,0,2,352,1048576,4096,1048576,4096,0,16,5,5.011213626984654,1.6187510130499911,6.401797486210325,1080422.4,19968,3866624,1080346.8,19772,3866262,10,236,0,1,0,0.0,0.0,0.0,0.0,0,0,320,0,pip_pydantic_core\pydantic_core\_pydantic_core.cp312-win_amd64.pyd,pip_pydantic_core
34404,240,8226,14,44,38400,30720,0,37920,4096,0,6442450944,4096,512,6,0,0,0,6,0,86016,1024,0,2,352,1048576,4096,1048576,4096,0,16,6,4.070916752285856,1.021156674053861,5.986428712413134,11520.0,512,38400,11666.666666666666,336,38094,10,124,0,8,2,3.37893191351326,3.3583870678826906,3.399476759143829,702.0,608,796,320,18,pip_pywin32\isapi\PyISAPI_loader.dll,pip_pywin32
34404,240,8226,14,44,45056,52736,0,39020,4096,0,6442450944,4096,512,6,0,0,0,6,0,118784,1024,0,2,352,1048576,4096,1048576,4096,0,16,6,4.534147905357919,3.1682217016254732,5.871707894187427,16298.666666666666,1024,45056,16770.333333333332,836,44628,11,174,34,1,1,3.3808999678420526,3.3808999678420526,3.3808999678420526,748.0,748,748,320,18,pip_pywin32\pythonwin\dde.pyd,pip_pywin32
34404,240,34,14,44,18944,38912,0,13636,4096,0,5368709120,4096,512,6,0,0,0,6,0,73728,1024,0,2,33120,1048576,4096,1048576,4096,0,16,6,4.19526772612081,2.3634186134600697,5.908100511010988,9642.666666666666,1024,27648,9775.0,1264,27286,11,164,76,0,15,2.66093327584219,1.3463137138648347,3.679748655185896,369.3333333333333,20,772,320,18,pip_pywin32\pythonwin\Pythonwin.exe,pip_pywin32
34404,240,8226,14,44,1209344,296960,0,1046004,4096,0,6442450944,4096,512,6,0,0,0,6,0,1523712,1024,0,2,352,1048576,4096,1048576,4096,0,16,7,4.252785960872713,0.0,6.506689930998406,214381.7142857143,512,1209344,214960.0,256,1208860,7,233,0,1,1,3.380657333717434,3.380657333717434,3.380657333717434,820.0,820,820,320,16,pip_pywin32\pythonwin\scintilla.dll,pip_pywin32
34404,240,8226,14,44,562176,464384,0,542244,4096,0,6442450944,4096,512,6,0,0,0,6,0,1069056,1024,0,2,352,1048576,4096,1048576,4096,0,16,6,4.9905043545300325,2.9821880991337943,6.11538713645277,171093.33333333334,24064,562176,175557.66666666666,23660,561760,17,1546,1119,411,79,3.0365501736830627,0.6845331245320924,4.413159390203282,544.8987341772151,20,3584,320,18,pip_pywin32\pythonwin\win32ui.pyd,pip_pywin32
34404,240,8226,14,44,27648,46080,0,23052,4096,0,6442450944,4096,512,6,0,0,0,6,0,94208,1024,0,2,352,1048576,4096,1048576,4096,0,16,6,4.379601393751671,2.7794775737858783,5.905233233296531,12288.0,1024,37888,12757.0,868,37710,13,231,83,1,1,3.376691197205667,3.376691197205667,3.376691197205667,780.0,780,780,320,18,pip_pywin32\pythonwin\win32uiole.pyd,pip_pywin32
34404,240,8226,14,44,388608,301056,0,380480,4096,0,6442450944,4096,512,6,0,0,0,6,0,737280,1024,0,2,352,1048576,4096,1048576,4096,0,16,6,4.756030563688947,1.927785295254463,6.165338340264504,114944.0,1024,388608,120535.16666666667,876,388339,15,360,0,462,1,3.383819672743442,3.383819672743442,3.383819672743442,788.0,788,788,320,18,pip_pywin32\pywin32_system32\pythoncom312.dll,pip_pywin32
34404,240,8226,14,44,62464,72704,0,60924,4096,0,6442450944,4096,512,6,0,0,0,6,0,155648,1024,0,2,352,1048576,4096,1048576,4096,0,16,6,4.435205908735945,1.5312444388773527,6.035625039602443,22528.0,1024,62464,22537.166666666668,816,62197,14,236,0,307,1,3.394217841214253,3.394217841214253,3.394217841214253,788.0,788,788,320,18,pip_pywin32\pywin32_system32\pywintypes312.dll,pip_pywin32
34404,240,8226,14,44,10240,11264,0,9288,4096,0,6442450944,4096,512,6,0,0,0,6,0,40960,1024,0,2,352,1048576,4096,1048576,4096,0,16,6,3.52310016526805,1.2271241316137018,6.057405296766579,3584.0,512,10240,3634.6666666666665,140,10232,5,71,0,1,1,3.370972043803134,3.370972043803134,3.370972043803134,772.0,772,772,320,18,pip_pywin32\win32\mmapfile.pyd,pip_pywin32
34404,240,8226,14,44,23040,18944,0,22440,4096,0,6442450944,4096,512,6,0,0,0,6,0,61440,1024,0,2,352,1048576,4096,1048576,4096,0,16,6,3.966324761450021,1.6154754752894909,6.101135110285869,6997.333333333333,512,23040,7050.666666666667,332,22672,11,136,23,1,1,3.3722042340793132,3.3722042340793132,3.3722042340793132,756.0,756,756,320,18,pip_pywin32\win32\odbc.pyd,pip_pywin32
34404,240,8226,14,44,13824,14336,0,11628,4096,0,6442450944,4096,512,6,0,0,0,6,0,53248,1024,0,2,352,1048576,4096,1048576,4096,0,16,6,3.600414730274094,1.2752607468999166,5.947203296425725,4693.333333333333,512,13824,4743.666666666667,180,13416,9,71,0,1,1,3.3852202299369147,3.3852202299369147,3.3852202299369147,764.0,764,764,320,18,pip_pywin32\win32\perfmon.pyd,pip_pywin32
34404,240,8226,14,44,9216,10240,0,8968,4096,0,6442450944,4096,512,6,0,0,0,6,0,40960,1024,0,2,352,1048576,4096,1048576,4096,0,16,6,3.084995878677244,0.6339003313693202,6.09446943757393,3242.6666666666665,512,9216,3373.3333333333335,44,9032,5,48,0,3,2,3.355405759626578,3.3296244849984067,3.3811870342547485,1094.0,780,1408,320,18,pip_pywin32\win32\perfmondata.dll,pip_pywin32
34404,240,34,14,44,9216,11264,0,8068,4096,0,5368709120,4096,512,6,0,0,0,6,0,40960,1024,0,3,33120,1048576,4096,1048576,4096,0,16,6,3.085825105634757,0.44999285453686083,5.971598824712481,3413.3333333333335,512,9216,3563.3333333333335,48,9116,12,89,0,0,2,2.1510861216556925,0.9133340882091593,3.388838155102226,415.0,42,788,320,18,pip_pywin32\win32\pythonservice.exe,pip_pywin32
34404,240,8226,14,44,18432,23040,0,16840,4096,0,6442450944,4096,512,6,0,0,0,6,0,65536,1024,0,2,352,1048576,4096,1048576,4096,0,16,6,3.553854505520185,1.4670119626824696,5.934923646104053,6912.0,512,18432,6969.0,160,17934,14,125,0,8,2,3.3803342348055923,3.3785602298799158,3.3821082397312687,2284.0,796,3772,320,18,pip_pywin32\win32\servicemanager.pyd,pip_pywin32
34404,240,8226,14,44,7680,9216,0,6424,4096,0,6442450944,4096,512,6,0,0,0,6,0,36864,1024,0,2,352,1048576,4096,1048576,4096,0,16,6,3.2398127777663386,0.961772882871212,5.891327780763093,2816.0,512,7680,2842.0,72,7342,7,67,0,1,1,3.377991809616737,3.377991809616737,3.377991809616737,756.0,756,756,320,18,pip_pywin32\win32\timer.pyd,pip_pywin32
34404,240,8226,14,44,72192,65536,0,69148,4096,0,6442450944,4096,512,6,0,0,0,6,0,155648,1024,0,2,352,1048576,4096,1048576,4096,0,16,6,4.497884780283223,2.130374746837823,5.953367334325352,22954.666666666668,1024,72192,22993.0,860,72100,15,376,0,3,1,3.3755281816719047,3.3755281816719047,3.3755281816719047,772.0,772,772,320,18,pip_pywin32\win32\win32api.pyd,pip_pywin32
34404,240,8226,14,44,12288,15360,0,11048,4096,0,6442450944,4096,512,6,0,0,0,6,0,45056,1024,0,2,352,1048576,4096,1048576,4096,0,16,6,3.5783750901979094,1.702968767708761,5.909605779186354,4608.0,512,12288,4638.333333333333,140,12160,10,104,0,1,1,3.391913948011619,3.391913948011619,3.391913948011619,796.0,796,796,320,18,pip_pywin32\win32\win32clipboard.pyd,pip_pywin32
34404,240,8226,14,44,26112,33792,0,24052,4096,0,6442450944,4096,512,6,0,0,0,6,0,77824,1024,0,2,352,1048576,4096,1048576,4096,0,16,6,4.242443398317528,2.104237289727666,5.944777465918263,9984.0,1024,26112,10033.5,688,25919,9,150,0,1,1,3.381613488247376,3.381613488247376,3.381613488247376,788.0,788,788,320,18,pip_pywin32\win32\win32console.pyd,pip_pywin32
34404,240,8226,14,44,19456,19968,0,18152,4096,0,6442450944,4096,512,6,0,0,0,6,0,57344,1024,0,2,352,1048576,4096,1048576,4096,0,16,6,4.051714079909098,2.0978604921482114,5.965335304436157,6570.666666666667,512,19456,6524.333333333333,320,19216,10,102,0,1,1,3.3931389474168485,3.3931389474168485,3.3931389474168485,772.0,772,772,320,18,pip_pywin32\win32\win32cred.pyd,pip_pywin32
34404,240,8226,14,44,67072,57856,0,64076,4096,0,6442450944,4096,512,6,0,0,0,6,0,143360,1024,0,2,352,1048576,4096,1048576,4096,0,16,6,4.471284830671931,1.9863086886356136,6.047399944159878,20821.333333333332,1024,67072,20860.0,868,66654,10,217,0,122,1,3.382753645911813,3.382753645911813,3.382753645911813,780.0,780,780,320,18,pip_pywin32\win32\win32crypt.pyd,pip_pywin32
34404,240,8226,14,44,14848,14336,0,13496,4096,0,6442450944,4096,512,6,0,0,0,6,0,49152,1024,0,2,352,1048576,4096,1048576,4096,0,16,6,3.67520190079577,1.383355049347452,5.90695799265592,4864.0,512,14848,4862.333333333333,156,14520,7,90,0,1,1,3.381594213164181,3.381594213164181,3.381594213164181,780.0,780,780,320,18,pip_pywin32\win32\win32event.pyd,pip_pywin32
34404,240,8226,14,44,39936,35840,0,36996,4096,0,6442450944,4096,512,6,0,0,0,6,0,94208,1024,0,2,352,1048576,4096,1048576,4096,0,16,6,4.243418062889352,2.102679616474292,5.935793410602106,12629.333333333334,1024,39936,12512.0,632,39504,9,132,0,1,2,2.7357111426665432,2.0685466600962465,3.40287562523684,704.0,628,780,320,18,pip_pywin32\win32\win32evtlog.pyd,pip_pywin32
34404,240,8226,14,44,80384,61440,0,77068,4096,0,6442450944,4096,512,6,0,0,0,6,0,159744,1024,0,2,352,1048576,4096,1048576,4096,0,16,6,4.538624228966648,1.9919596634186798,5.972433505506838,23637.333333333332,1024,80384,23675.666666666668,860,80126,14,335,0,1,1,3.392565043243911,3.392565043243911,3.392565043243911,772.0,772,772,320,18,pip_pywin32\win32\win32file.pyd,pip_pywin32
34404,240,8226,14,44,124416,97792,0,121588,4096,0,6442450944,4096,512,6,0,0,0,6,0,237568,1024,0,2,352,1048576,4096,1048576,4096,0,16,6,4.634866474103447,2.2659070944856934,5.96947150759141,37034.666666666664,1024,124416,37022.333333333336,860,124014,14,484,1,2,1,3.3812488707363597,3.3812488707363597,3.3812488707363597,772.0,772,772,320,18,pip_pywin32\win32\win32gui.pyd,pip_pywin32
34404,240,8226,14,44,28160,26112,0,26524,4096,0,6442450944,4096,512,6,0,0,0,6,0,69632,1024,0,2,352,1048576,4096,1048576,4096,0,16,6,3.952228470191493,1.1088242282649605,5.9316896869134945,9045.333333333334,512,28160,9125.833333333334,336,27999,10,94,0,1,1,3.394042281015959,3.394042281015959,3.394042281015959,772.0,772,772,320,18,pip_pywin32\win32\win32help.pyd,pip_pywin32
34404,240,8226,14,44,28160,25088,0,25972,4096,0,6442450944,4096,512,6,0,0,0,6,0,69632,1024,0,2,352,1048576,4096,1048576,4096,0,16,6,4.346050226718134,2.5628962081743447,5.95463584508175,8874.666666666666,512,28160,8933.5,448,27919,10,146,0,1,1,3.385078330039287,3.385078330039287,3.385078330039287,772.0,772,772,320,18,pip_pywin32\win32\win32inet.pyd,pip_pywin32
34404,240,8226,14,44,13312,15360,0,11928,4096,0,6442450944,4096,512,6,0,0,0,6,0,49152,1024,0,2,352,1048576,4096,1048576,4096,0,16,6,3.5842411293357728,1.6052604230747243,5.859172851263449,4778.666666666667,512,13312,4721.0,152,13000,7,77,0,1,1,3.3937106466306797,3.3937106466306797,3.3937106466306797,772.0,772,772,320,18,pip_pywin32\win32\win32job.pyd,pip_pywin32
34404,240,8226,14,44,7680,9216,0,6408,4096,0,6442450944,4096,512,6,0,0,0,6,0,36864,1024,0,2,352,1048576,4096,1048576,4096,0,16,6,3.3622187467608526,1.035253628887654,5.956145608332378,2816.0,512,7680,2870.3333333333335,80,7416,6,54,0,1,1,3.4017397824264797,3.4017397824264797,3.4017397824264797,764.0,764,764,320,18,pip_pywin32\win32\win32lz.pyd,pip_pywin32
34404,240,8226,14,44,41472,51712,0,39512,4096,0,6442450944,4096,512,6,0,0,0,6,0,114688,1024,0,2,352,1048576,4096,1048576,4096,0,16,6,4.270357993562211,1.5240645847571899,6.038967917173844,15530.666666666666,1024,41472,15602.0,860,41296,9,177,0,1,1,3.3735665585381085,3.3735665585381085,3.3735665585381085,772.0,772,772,320,18,pip_pywin32\win32\win32net.pyd,pip_pywin32
34404,240,8226,14,44,16384,16384,0,15096,4096,0,6442450944,4096,512,6,0,0,0,6,0,49152,1024,0,2,352,1048576,4096,1048576,4096,0,16,6,3.762806784757125,1.9806693711727101,5.999954702498714,5461.333333333333,512,16384,5539.333333333333,160,16318,9,107,0,1,1,3.383331208779611,3.383331208779611,3.383331208779611,772.0,772,772,320,18,pip_pywin32\win32\win32pdh.pyd,pip_pywin32
34404,240,8226,14,44,13824,14336,0,12408,4096,0,6442450944,4096,512,6,0,0,0,6,0,49152,1024,0,2,352,1048576,4096,1048576,4096,0,16,6,3.6912478874607775,1.723092599839255,5.952689224161103,4693.333333333333,512,13824,4733.0,144,13600,8,99,0,1,1,3.3891945843179694,3.3891945843179694,3.3891945843179694,772.0,772,772,320,18,pip_pywin32\win32\win32pipe.pyd,pip_pywin32
34404,240,8226,14,44,43520,30720,0,41100,4096,0,6442450944,4096,512,6,0,0,0,6,0,94208,1024,0,2,352,1048576,4096,1048576,4096,0,16,6,4.433206995199814,2.4396783233332644,5.910092625981143,12373.333333333334,512,43520,12464.833333333334,500,43391,11,147,2,1,1,3.3737073814940546,3.3737073814940546,3.3737073814940546,780.0,780,780,320,18,pip_pywin32\win32\win32print.pyd,pip_pywin32
34404,240,8226,14,44,27136,25600,0,24572,4096,0,6442450944,4096,512,6,0,0,0,6,0,73728,1024,0,2,352,1048576,4096,1048576,4096,0,16,6,4.113717200327474,1.8241233420977152,5.871234594659301,8789.333333333334,512,27136,8793.333333333334,336,26674,11,155,0,1,1,3.385816426827241,3.385816426827241,3.385816426827241,788.0,788,788,320,18,pip_pywin32\win32\win32process.pyd,pip_pywin32
34404,240,8226,14,44,11264,14848,0,9620,4096,0,6442450944,4096,512,6,0,0,0,6,0,45056,1024,0,2,352,1048576,4096,1048576,4096,0,16,6,3.772816226048388,2.264967765485095,6.000611440698867,4352.0,512,11264,4386.833333333333,204,11263,8,85,0,1,1,3.3840191250153473,3.3840191250153473,3.3840191250153473,788.0,788,788,320,18,pip_pywin32\win32\win32profile.pyd,pip_pywin32
34404,240,8226,14,44,16896,17408,0,15548,4096,0,6442450944,4096,512,6,0,0,0,6,0,53248,1024,0,2,352,1048576,4096,1048576,4096,0,16,6,3.6748180063574623,1.3354178404543806,5.878450082245449,5717.333333333333,512,16896,5727.666666666667,168,16414,10,114,0,1,1,3.3768628973773867,3.3768628973773867,3.3768628973773867,772.0,772,772,320,18,pip_pywin32\win32\win32ras.pyd,pip_pywin32
34404,240,8226,14,44,70656,61440,0,68212,4096,0,6442450944,4096,512,6,0,0,0,6,0,151552,1024,0,2,352,1048576,4096,1048576,4096,0,16,6,4.333133551711614,1.7972831385212291,5.931813867097317,22016.0,1024,70656,21998.5,676,70479,14,224,0,5,1,3.394320747083565,3.394320747083565,3.394320747083565,788.0,788,788,320,18,pip_pywin32\win32\win32security.pyd,pip_pywin32
34404,240,8226,14,44,30208,29184,0,27684,4096,0,6442450944,4096,512,6,0,0,0,6,0,81920,1024,0,2,352,1048576,4096,1048576,4096,0,16,6,4.215985321643382,1.9675873113281654,5.824101122519726,9898.666666666666,512,30208,9893.666666666666,368,29742,10,146,0,1,2,2.729620515354541,2.0685466600962465,3.390694370612836,708.0,628,788,320,18,pip_pywin32\win32\win32service.pyd,pip_pywin32
34404,240,8226,14,44,11776,12288,0,10392,4096,0,6442450944,4096,512,6,0,0,0,6,0,40960,1024,0,2,352,1048576,4096,1048576,4096,0,16,6,3.4373126160225436,1.1938459010104705,5.842906355408109,4010.6666666666665,512,11776,3998.0,148,11352,7,77,0,1,1,3.3766777506976466,3.3766777506976466,3.3766777506976466,780.0,780,780,320,18,pip_pywin32\win32\win32trace.pyd,pip_pywin32
34404,240,8226,14,44,8192,10752,0,6888,4096,0,6442450944,4096,512,6,0,0,0,6,0,36864,1024,0,2,352,1048576,4096,1048576,4096,0,16,6,3.483487384607996,1.325508372816712,5.931354548218495,3157.3333333333335,512,8192,3141.3333333333335,116,7896,6,61,0,1,1,3.379176179926308,3.379176179926308,3.379176179926308,804.0,804,804,320,18,pip_pywin32\win32\win32transaction.pyd,pip_pywin32
34404,240,8226,14,44,14336,18432,0,12500,4096,0,6442450944,4096,512,6,0,0,0,6,0,53248,1024,0,2,352,1048576,4096,1048576,4096,0,16,6,3.9980283085012744,2.457656470297916,5.9031951241416944,5461.333333333333,512,14336,5435.5,320,14127,8,90,0,1,1,3.392407923748965,3.392407923748965,3.392407923748965,764.0,764,764,320,18,pip_pywin32\win32\win32ts.pyd,pip_pywin32
34404,240,8226,14,44,17920,20480,0,16564,4096,0,6442450944,4096,512,6,0,0,0,6,0,61440,1024,0,2,352,1048576,4096,1048576,4096,0,16,6,3.9047669294653478,1.7619325235550185,5.9622191106542335,6400.0,512,17920,6384.5,276,17551,10,110,0,27,1,3.3911318146903913,3.3911318146903913,3.3911318146903913,772.0,772,772,320,18,pip_pywin32\win32\win32wnet.pyd,pip_pywin32
34404,240,8226,14,44,6656,8192,0,5544,4096,0,6442450944,4096,512,6,0,0,0,6,0,36864,1024,0,2,352,1048576,4096,1048576,4096,0,16,6,3.1728220124834645,0.8494299491021631,6.033178530620382,2474.6666666666665,512,6656,2501.6666666666665,68,6568,4,43,0,1,1,3.409306767844561,3.409306767844561,3.409306767844561,796.0,796,796,320,18,pip_pywin32\win32\_win32sysloader.pyd,pip_pywin32
34404,240,8226,14,44,11776,13824,0,9940,4096,0,6442450944,4096,512,6,0,0,0,6,0,45056,1024,0,2,352,1048576,4096,1048576,4096,0,16,6,3.7793969367348415,2.1393771573344056,5.956907938353576,4266.666666666667,512,11776,4355.166666666667,160,11711,8,82,0,1,1,3.4052105079678063,3.4052105079678063,3.4052105079678063,780.0,780,780,320,18,pip_pywin32\win32\_winxptheme.pyd,pip_pywin32
34404,240,8226,14,44,45568,56320,0,44152,4096,0,6442450944,4096,512,6,0,0,0,6,0,126976,1024,0,2,352,1048576,4096,1048576,4096,0,16,6,4.329799472914041,1.5970868566852598,5.957290607413574,16981.333333333332,1024,45568,17450.0,612,45262,13,146,5,1,1,3.3613275154614644,3.3613275154614644,3.3613275154614644,756.0,756,756,320,18,pip_pywin32\win32comext\adsi\adsi.pyd,pip_pywin32
34404,240,8226,14,44,12800,16384,0,10884,4096,0,6442450944,4096,512,6,0,0,0,6,0,49152,1024,0,2,352,1048576,4096,1048576,4096,0,16,6,3.9333950145956904,2.7180960484592034,6.014308674745493,4864.0,512,12800,4939.5,204,12639,10,97,1,1,1,3.386886369702876,3.386886369702876,3.386886369702876,788.0,788,788,320,18,pip_pywin32\win32comext\authorization\authorization.pyd,pip_pywin32
34404,240,8226,14,44,73728,73728,0,71640,4096,0,6442450944,4096,512,6,0,0,0,6,0,167936,1024,0,2,352,1048576,4096,1048576,4096,0,16,6,4.629497988386657,2.9901174641188217,5.8901618948478305,24576.0,1024,73728,25698.0,860,73566,11,158,0,1,1,3.3917707972060693,3.3917707972060693,3.3917707972060693,772.0,772,772,320,18,pip_pywin32\win32comext\axcontrol\axcontrol.pyd,pip_pywin32
34404,240,8226,14,44,161280,132608,0,157048,4096,0,6442450944,4096,512,6,0,0,0,6,0,331776,1024,0,2,352,1048576,4096,1048576,4096,0,16,6,4.818055401003925,3.5179558155117356,5.925070458350834,48981.333333333336,1024,161280,51994.666666666664,852,161086,11,149,0,1,1,3.406040516948144,3.406040516948144,3.406040516948144,764.0,764,764,320,18,pip_pywin32\win32comext\axdebug\axdebug.pyd,pip_pywin32
34404,240,8226,14,44,39936,54272,0,38560,4096,0,6442450944,4096,512,6,0,0,0,6,0,110592,1024,0,2,352,1048576,4096,1048576,4096,0,16,6,4.698323740916362,3.1357869699039433,5.888035690927122,15701.333333333334,1024,45056,16339.666666666666,860,44772,9,146,0,195,1,3.3827171821623008,3.3827171821623008,3.3827171821623008,772.0,772,772,320,18,pip_pywin32\win32comext\axscript\axscript.pyd,pip_pywin32
34404,240,8226,14,44,28160,36352,0,27016,4096,0,6442450944,4096,512,6,0,0,0,6,0,90112,1024,0,2,352,1048576,4096,1048576,4096,0,16,6,4.309998553477147,2.606701217814551,5.795185730144359,10752.0,1024,28160,11356.333333333334,720,28110,10,115,0,1,1,3.3673683598130695,3.3673683598130695,3.3673683598130695,756.0,756,756,320,18,pip_pywin32\win32comext\bits\bits.pyd,pip_pywin32
34404,240,8226,14,44,29696,48640,0,27896,4096,0,6442450944,4096,512,6,0,0,0,6,0,98304,1024,0,2,352,1048576,4096,1048576,4096,0,16,6,4.32604909690327,1.648644568001541,6.4317545925793365,13056.0,1024,36864,13465.0,648,36836,11,112,4,1,1,3.39111666875221,3.39111666875221,3.39111666875221,780.0,780,780,320,18,pip_pywin32\win32comext\directsound\directsound.pyd,pip_pywin32
34404,240,8226,14,44,10752,20480,0,9672,4096,0,6442450944,4096,512,6,0,0,0,6,0,49152,1024,0,2,352,1048576,4096,1048576,4096,0,16,6,3.811214018946107,2.1223045561283467,5.860064332212025,5205.333333333333,512,16384,5228.0,160,15894,10,86,0,1,1,3.3829671165121686,3.3829671165121686,3.3829671165121686,764.0,764,764,320,18,pip_pywin32\win32comext\ifilter\ifilter.pyd,pip_pywin32
34404,240,8226,14,44,44544,50176,0,42856,4096,0,6442450944,4096,512,6,0,0,0,6,0,118784,1024,0,2,352,1048576,4096,1048576,4096,0,16,6,4.596040819617625,2.9901219089199382,5.882063988261365,15786.666666666666,1024,44544,16353.0,860,44158,11,139,0,1,1,3.3595924771572747,3.3595924771572747,3.3595924771572747,772.0,772,772,320,18,pip_pywin32\win32comext\internet\internet.pyd,pip_pywin32
34404,240,8226,14,44,88576,50176,0,85352,4096,0,6442450944,4096,512,6,0,0,0,6,0,163840,1024,0,2,352,1048576,4096,1048576,4096,0,16,6,4.24868301502835,2.262992843324395,6.130612188599138,23125.333333333332,512,88576,23667.666666666668,184,88334,14,135,0,1,1,3.3821388073814385,3.3821388073814385,3.3821388073814385,772.0,772,772,320,18,pip_pywin32\win32comext\mapi\exchange.pyd,pip_pywin32
34404,240,8226,14,44,158720,92160,0,154280,4096,0,6442450944,4096,512,6,0,0,0,6,0,278528,1024,0,2,352,1048576,4096,1048576,4096,0,16,6,4.734728962957161,2.711204183606118,6.124056835642077,41813.333333333336,1024,158720,43585.0,844,158318,14,175,0,1,1,3.3589555658523644,3.3589555658523644,3.3589555658523644,756.0,756,756,320,18,pip_pywin32\win32comext\mapi\mapi.pyd,pip_pywin32
34404,240,8226,14,44,55808,86528,0,53320,4096,0,6442450944,4096,512,6,0,0,0,6,0,167936,1024,0,2,352,1048576,4096,1048576,4096,0,16,6,4.886919358764145,2.76766687568379,6.416544124695917,23722.666666666668,1024,70144,25001.666666666668,852,69652,10,171,0,14,1,3.3882490475680505,3.3882490475680505,3.3882490475680505,764.0,764,764,320,18,pip_pywin32\win32comext\propsys\propsys.pyd,pip_pywin32
34404,240,8226,14,44,280064,262144,0,273368,4096,0,6442450944,4096,512,6,0,0,0,6,0,589824,1024,0,2,352,1048576,4096,1048576,4096,0,16,6,4.995705340023318,3.226235523958693,6.016959661317694,90368.0,1024,280064,95060.33333333333,844,279726,13,282,8,1,1,3.3853800119455797,3.3853800119455797,3.3853800119455797,756.0,756,756,320,18,pip_pywin32\win32comext\shell\shell.pyd,pip_pywin32
34404,240,8226,14,44,23552,30208,0,22440,4096,0,6442450944,4096,512,6,0,0,0,6,0,69632,1024,0,2,352,1048576,4096,1048576,4096,0,16,6,4.1238122992338875,2.0831300595669253,5.820742148190832,8960.0,1024,23552,9333.0,544,23326,9,94,0,7,1,3.3964907758607557,3.3964907758607557,3.3964907758607557,788.0,788,788,320,18,pip_pywin32\win32comext\taskscheduler\taskscheduler.pyd,pip_pywin32
34404,240,8226,14,44,713216,296448,0,571732,4096,0,6442450944,4096,512,6,0,0,0,6,0,1028096,1024,0,3,352,1048576,4096,1048576,4096,0,16,7,4.571068710312693,0.0,6.479333394344062,142994.2857142857,512,713216,144056.85714285713,256,713200,5,333,0,1,1,4.911614515735104,4.911614515735104,4.911614515735104,381.0,381,381,320,0,pip_pyzmq\zmq\backend\cython\_zmq.pyd,pip_pyzmq
34404,240,8226,14,51,163328,561664,0,164224,4096,0,6442450944,4096,512,6,0,0,0,6,0,741376,1024,0,2,352,1048576,4096,1048576,4096,0,16,6,4.668536418431201,2.5249599901333757,6.3655786230479325,120832.0,512,528896,120572.66666666667,248,528648,6,127,0,1,1,4.8858005160656415,4.8858005160656415,4.8858005160656415,145.0,145,145,320,0,pip_regex\regex\_regex.cp312-win_amd64.pyd,pip_regex
34404,240,8226,14,51,93696,35840,0,95040,4096,0,6442450944,4096,512,6,0,0,0,6,0,147456,1024,168142,3,352,1048576,4096,1048576,4096,0,16,5,4.271125089806286,1.2278897391049097,6.231205602157674,25600.0,512,93696,25626.4,264,93464,7,189,0,1,0,0.0,0.0,0.0,0.0,0,0,320,0,pip_scikit_learn\sklearn\_cyutility.cp312-win_amd64.pyd,pip_scikit_learn
34404,240,8226,14,51,65024,25088,0,66416,4096,0,6442450944,4096,512,6,0,0,0,6,0,106496,1024,95688,3,352,1048576,4096,1048576,4096,0,16,5,4.26489275075453,1.5104717034422244,6.159571652210164,17715.2,512,65024,17704.4,292,64840,5,151,0,1,0,0.0,0.0,0.0,0.0,0,0,320,0,pip_scikit_learn\sklearn\_isotonic.cp312-win_amd64.pyd,pip_scikit_learn
34404,240,8226,14,51,24064,18944,0,24112,4096,0,6442450944,4096,512,6,0,0,0,6,0,57344,1024,55902,3,352,1048576,4096,1048576,4096,0,16,5,4.175789060912168,2.2137979456832326,6.0557078405797915,8396.8,512,24064,8354.4,260,23688,8,120,0,1,0,0.0,0.0,0.0,0.0,0,0,320,0,pip_scikit_learn\sklearn\cluster\_dbscan_inner.cp312-win_amd64.pyd,pip_scikit_learn
34404,240,8226,14,51,78848,38912,0,79856,4096,0,6442450944,4096,512,6,0,0,0,6,0,135168,1024,127472,3,352,1048576,4096,1048576,4096,0,16,5,4.621948014941462,1.871526201163877,6.171055091735318,23040.0,512,78848,23393.2,412,78504,9,180,0,1,0,0.0,0.0,0.0,0.0,0,0,320,0,pip_scikit_learn\sklearn\cluster\_hierarchical_fast.cp312-win_amd64.pyd,pip_scikit_learn
34404,240,8226,14,51,164864,33280,0,166320,4096,0,6442450944,4096,512,6,0,0,0,6,0,212992,1024,198811,3,352,1048576,4096,1048576,4096,0,16,5,4.670142935230392,1.9990055385005856,6.114120371520997,39219.2,512,164864,39398.8,380,164792,7,174,0,1,0,0.0,0.0,0.0,0.0,0,0,320,0,pip_scikit_learn\sklearn\cluster\_k_means_common.cp312-win_amd64.pyd,pip_scikit_learn
34404,240,8226,14,51,187904,37888,0,189184,4096,0,6442450944,4096,512,6,0,0,0,6,0,237568,1024,246470,3,352,1048576,4096,1048576,4096,0,16,5,4.5196183366363645,1.8117637331324494,5.948064273074177,44748.8,512,187904,44886.8,340,187656,7,169,0,1,0,0.0,0.0,0.0,0.0,0,0,320,0,pip_scikit_learn\sklearn\cluster\_k_means_elkan.cp312-win_amd64.pyd,pip_scikit_learn
34404,240,8226,14,51,115712,30208,0,117040,4096,0,6442450944,4096,512,6,0,0,0,6,0,163840,1024,173027,3,352,1048576,4096,1048576,4096,0,16,5,4.396330344951608,1.586789743913899,6.018901459575823,28876.8,512,115712,28968.8,296,115512,7,170,0,1,0,0.0,0.0,0.0,0.0,0,0,320,0,pip_scikit_learn\sklearn\cluster\_k_means_lloyd.cp312-win_amd64.pyd,pip_scikit_learn
34404,240,8226,14,51,71680,27648,0,73056,4096,0,6442450944,4096,512,6,0,0,0,6,0,110592,1024,101746,3,352,1048576,4096,1048576,4096,0,16,5,4.309339754116462,1.5464305181725784,6.095944087198489,19660.8,512,71680,19652.0,300,71512,7,152,0,1,0,0.0,0.0,0.0,0.0,0,0,320,0,pip_scikit_learn\sklearn\cluster\_k_means_minibatch.cp312-win_amd64.pyd,pip_scikit_learn
34404,240,8226,14,51,61440,27136,0,62992,4096,0,6442450944,4096,512,6,0,0,0,6,0,102400,1024,95584,3,352,1048576,4096,1048576,4096,0,16,5,4.339412752690281,1.7904677013312302,6.161019587141658,17408.0,512,61440,17568.8,304,61416,5,145,0,1,0,0.0,0.0,0.0,0.0,0,0,320,0,pip_scikit_learn\sklearn\cluster\_hdbscan\_linkage.cp312-win_amd64.pyd,pip_scikit_learn
34404,240,8226,14,51,111616,33280,0,113088,4096,0,6442450944,4096,512,6,0,0,0,6,0,159744,1024,153863,3,352,1048576,4096,1048576,4096,0,16,5,4.469872964816381,1.8354864050636,6.233387360907524,28569.6,512,111616,28689.6,344,111512,5,169,0,1,0,0.0,0.0,0.0,0.0,0,0,320,0,pip_scikit_learn\sklearn\cluster\_hdbscan\_reachability.cp312-win_amd64.pyd,pip_scikit_learn
34404,240,8226,14,51,133120,36864,0,134336,4096,0,6442450944,4096,512,6,0,0,0,6,0,184320,1024,183569,3,352,1048576,4096,1048576,4096,0,16,5,4.568476179070116,1.8688140209871809,6.201318326288331,33484.8,512,133120,33782.4,336,132760,5,191,0,1,0,0.0,0.0,0.0,0.0,0,0,320,0,pip_scikit_learn\sklearn\cluster\_hdbscan\_tree.cp312-win_amd64.pyd,pip_scikit_learn
34404,240,8226,14,51,228352,47616,0,229504,4096,0,6442450944,4096,512,6,0,0,0,6,0,290816,1024,322866,3,352,1048576,4096,1048576,4096,0,16,5,4.467241747259719,1.2391984247356134,6.169877092633542,54374.4,1024,228352,54921.6,608,227928,5,201,0,1,0,0.0,0.0,0.0,0.0,0,0,320,0,pip_scikit_learn\sklearn\datasets\_svmlight_format_fast.cp312-win_amd64.pyd,pip_scikit_learn
34404,240,8226,14,51,37888,22016,0,38960,4096,0,6442450944,4096,512,6,0,0,0,6,0,73728,1024,111607,3,352,1048576,4096,1048576,4096,0,16,5,4.141135196961538,1.5770734606764671,6.094708854872061,11673.6,512,37888,11696.4,268,37384,5,140,0,1,0,0.0,0.0,0.0,0.0,0,0,320,0,pip_scikit_learn\sklearn\decomposition\_cdnmf_fast.cp312-win_amd64.pyd,pip_scikit_learn
34404,240,8226,14,51,58368,26112,0,59824,4096,0,6442450944,4096,512,6,0,0,0,6,0,102400,1024,139642,3,352,1048576,4096,1048576,4096,0,16,5,4.338570157484488,1.6443396615833654,6.1920652951644515,16588.8,512,58368,16647.2,316,58248,6,146,0,1,0,0.0,0.0,0.0,0.0,0,0,320,0,pip_scikit_learn\sklearn\decomposition\_online_lda_fast.cp312-win_amd64.pyd,pip_scikit_learn
34404,240,8226,14,51,47616,24064,0,48816,4096,0,6442450944,4096,512,6,0,0,0,6,0,86016,1024,95523,3,352,1048576,4096,1048576,4096,0,16,5,4.129615322292147,1.649001976637116,6.079432952798402,14028.8,512,47616,14100.8,256,47240,6,146,0,1,0,0.0,0.0,0.0,0.0,0,0,320,0,pip_scikit_learn\sklearn\ensemble\_gradient_boosting.cp312-win_amd64.pyd,pip_scikit_learn
34404,240,8226,14,51,19456,11776,0,20912,4096,0,6442450944,4096,512,6,0,0,0,6,0,49152,1024,44276,3,352,1048576,4096,1048576,4096,0,16,5,3.327692915397494,0.8634537399841278,6.053607688646562,6041.6,512,19456,6000.8,64,19336,4,93,0,1,0,0.0,0.0,0.0,0.0,0,0,320,0,pip_scikit_learn\sklearn\ensemble\_hist_gradient_boosting\common.cp312-win_amd64.pyd,pip_scikit_learn
34404,240,8226,14,51,91136,38400,0,92272,4096,0,6442450944,4096,512,6,0,0,0,6,0,143360,1024,189086,3,352,1048576,4096,1048576,4096,0,16,5,4.544478363626279,1.8305474751264506,6.0505452779084745,25497.6,512,91136,25660.8,388,90728,6,162,0,1,0,0.0,0.0,0.0,0.0,0,0,320,0,pip_scikit_learn\sklearn\ensemble\_hist_gradient_boosting\histogram.cp312-win_amd64.pyd,pip_scikit_learn
34404,240,8226,14,51,95232,45056,0,96624,4096,0,6442450944,4096,512,6,0,0,0,6,0,155648,1024,163442,3,352,1048576,4096,1048576,4096,0,16,5,4.655677198268687,1.7525549055921115,6.111741985402522,27648.0,512,95232,27854.0,432,95096,9,168,0,1,0,0.0,0.0,0.0,0.0,0,0,320,0,pip_scikit_learn\sklearn\ensemble\_hist_gradient_boosting\splitting.cp312-win_amd64.pyd,pip_scikit_learn
34404,240,8226,14,51,24064,18432,0,25600,4096,0,6442450944,4096,512,6,0,0,0,6,0,57344,1024,79631,3,352,1048576,4096,1048576,4096,0,16,5,3.9168439612333934,1.4496568003043842,6.127731298630485,8294.4,512,24064,8306.0,220,24056,7,122,0,1,0,0.0,0.0,0.0,0.0,0,0,320,0,pip_scikit_learn\sklearn\ensemble\_hist_gradient_boosting\_binning.cp312-win_amd64.pyd,pip_scikit_learn
34404,240,8226,14,51,28160,18944,0,29632,4096,0,6442450944,4096,512,6,0,0,0,6,0,61440,1024,66548,3,352,1048576,4096,1048576,4096,0,16,5,3.9879250744552577,1.4910990783385565,6.124215345962908,9216.0,512,28160,9200.4,220,28088,6,130,0,1,0,0.0,0.0,0.0,0.0,0,0,320,0,pip_scikit_learn\sklearn\ensemble\_hist_gradient_boosting\_gradient_boosting.cp312-win_amd64.pyd,pip_scikit_learn
34404,240,8226,14,51,41472,24064,0,42864,4096,0,6442450944,4096,512,6,0,0,0,6,0,81920,1024,96990,3,352,1048576,4096,1048576,4096,0,16,5,4.178949759372337,1.5638988606034268,6.047615180882592,12902.4,512,41472,12908.4,356,41320,6,138,0,1,0,0.0,0.0,0.0,0.0,0,0,320,0,pip_scikit_learn\sklearn\ensemble\_hist_gradient_boosting\_predictor.cp312-win_amd64.pyd,pip_scikit_learn
34404,240,8226,14,51,36352,23040,0,36048,4096,0,6442450944,4096,512,6,0,0,0,6,0,73728,1024,83760,3,352,1048576,4096,1048576,4096,0,16,5,4.212579930660249,2.2395814516475196,6.037681823912217,11673.6,512,36352,11625.2,260,35848,7,162,0,1,0,0.0,0.0,0.0,0.0,0,0,320,0,pip_scikit_learn\sklearn\feature_extraction\_hashing_fast.cp312-win_amd64.pyd,pip_scikit_learn
34404,240,8226,14,51,283136,39424,0,284480,4096,0,6442450944,4096,512,6,0,0,0,6,0,339968,1024,340164,3,352,1048576,4096,1048576,4096,0,16,5,4.567408907048681,1.833198449575493,6.078438719802606,64000.0,512,283136,64160.0,336,282920,6,166,0,1,0,0.0,0.0,0.0,0.0,0,0,320,0,pip_scikit_learn\sklearn\linear_model\_cd_fast.cp312-win_amd64.pyd,pip_scikit_learn
34404,240,8226,14,51,69120,27136,0,70224,4096,0,6442450944,4096,512,6,0,0,0,6,0,106496,1024,156062,3,352,1048576,4096,1048576,4096,0,16,5,4.128234026058768,1.6145448466084014,6.134688858765255,18841.6,512,69120,18884.0,232,68648,6,143,0,1,0,0.0,0.0,0.0,0.0,0,0,320,0,pip_scikit_learn\sklearn\linear_model\_sag_fast.cp312-win_amd64.pyd,pip_scikit_learn
34404,240,8226,14,51,96768,45056,0,97968,4096,0,6442450944,4096,512,6,0,0,0,6,0,155648,1024,194298,3,352,1048576,4096,1048576,4096,0,16,5,4.596003128819726,1.2951636701104352,6.124085934915518,27750.4,512,96768,28118.0,464,96408,6,170,0,1,0,0.0,0.0,0.0,0.0,0,0,320,0,pip_scikit_learn\sklearn\linear_model\_sgd_fast.cp312-win_amd64.pyd,pip_scikit_learn
34404,240,8226,14,51,41472,22528,0,42960,4096,0,6442450944,4096,512,6,0,0,0,6,0,81920,1024,92392,3,352,1048576,4096,1048576,4096,0,16,5,3.9848134887019286,1.4696743218730026,6.134032232425611,12595.2,512,41472,12593.6,232,41464,9,155,0,1,0,0.0,0.0,0.0,0.0,0,0,320,0,pip_scikit_learn\sklearn\manifold\_barnes_hut_tsne.cp312-win_amd64.pyd,pip_scikit_learn
34404,240,8226,14,51,27136,19968,0,28320,4096,0,6442450944,4096,512,6,0,0,0,6,0,61440,1024,102659,3,352,1048576,4096,1048576,4096,0,16,5,3.997102839403869,1.4550181198372774,6.152749194435416,9216.0,512,27136,9185.6,216,26760,6,136,0,1,0,0.0,0.0,0.0,0.0,0,0,320,0,pip_scikit_learn\sklearn\manifold\_utils.cp312-win_amd64.pyd,pip_scikit_learn
34404,240,8226,14,51,279040,101376,0,280544,4096,0,6442450944,4096,512,6,0,0,0,6,0,393216,1024,405110,3,352,1048576,4096,1048576,4096,0,16,5,4.786602267732055,1.221202826486019,6.27780789175556,74342.4,1536,279040,75843.6,1384,279000,6,190,0,1,0,0.0,0.0,0.0,0.0,0,0,320,0,pip_scikit_learn\sklearn\metrics\_dist_metrics.cp312-win_amd64.pyd,pip_scikit_learn
34404,240,8226,14,51,58880,25600,0,60032,4096,0,6442450944,4096,512,6,0,0,0,6,0,102400,1024,130756,3,352,1048576,4096,1048576,4096,0,16,5,4.338682006400706,1.5213033548496389,6.087913144684936,16588.8,512,58880,16653.2,292,58488,6,153,0,1,0,0.0,0.0,0.0,0.0,0,0,320,0,pip_scikit_learn\sklearn\metrics\_pairwise_fast.cp312-win_amd64.pyd,pip_scikit_learn
34404,240,8226,14,51,34304,19456,0,35632,4096,0,6442450944,4096,512,6,0,0,0,6,0,69632,1024,86694,3,352,1048576,4096,1048576,4096,0,16,5,3.9948769601136354,1.5165963891823317,6.126748707130839,10547.2,512,34304,10523.6,216,34056,6,144,0,1,0,0.0,0.0,0.0,0.0,0,0,320,0,pip_scikit_learn\sklearn\metrics\cluster\_expected_mutual_info_fast.cp312-win_amd64.pyd,pip_scikit_learn
34404,240,8226,14,51,93184,34816,0,94288,4096,0,6442450944,4096,512,6,0,0,0,6,0,139264,1024,151021,3,352,1048576,4096,1048576,4096,0,16,5,4.568483507541561,1.4745341598107056,6.120527309526806,24985.6,512,93184,25324.4,408,92760,7,177,0,1,0,0.0,0.0,0.0,0.0,0,0,320,0,pip_scikit_learn\sklearn\metrics\_pairwise_distances_reduction\_argkmin.cp312-win_amd64.pyd,pip_scikit_learn
34404,240,8226,14,51,56832,29696,0,57712,4096,0,6442450944,4096,512,6,0,0,0,6,0,102400,1024,94393,3,352,1048576,4096,1048576,4096,0,16,5,4.387700939729997,1.6193678276789976,6.066143169748807,16896.0,512,56832,17078.0,364,56328,7,167,0,1,0,0.0,0.0,0.0,0.0,0,0,320,0,pip_scikit_learn\sklearn\metrics\_pairwise_distances_reduction\_argkmin_classmode.cp312-win_amd64.pyd,pip_scikit_learn
34404,240,8226,14,51,75776,33792,0,75856,4096,0,6442450944,4096,512,6,0,0,0,6,0,122880,1024,173825,3,352,1048576,4096,1048576,4096,0,16,5,4.559699849297351,2.0350587230771535,6.120802613921947,21504.0,512,75776,21682.0,388,75608,9,174,0,1,0,0.0,0.0,0.0,0.0,0,0,320,0,pip_scikit_learn\sklearn\metrics\_pairwise_distances_reduction\_base.cp312-win_amd64.pyd,pip_scikit_learn
34404,240,8226,14,51,146944,51200,0,148192,4096,0,6442450944,4096,512,6,0,0,0,6,0,208896,1024,212859,3,352,1048576,4096,1048576,4096,0,16,5,4.458916521438985,1.43562264526006,6.153071094388324,39014.4,1024,146944,39326.4,640,146616,5,160,0,1,0,0.0,0.0,0.0,0.0,0,0,320,0,pip_scikit_learn\sklearn\metrics\_pairwise_distances_reduction\_datasets_pair.cp312-win_amd64.pyd,pip_scikit_learn
34404,240,8226,14,51,153600,52224,0,152848,4096,0,6442450944,4096,512,6,0,0,0,6,0,221184,1024,222455,3,352,1048576,4096,1048576,4096,0,16,5,4.4726803956148125,1.7307258990081873,6.183425368524725,40652.8,1024,153600,40832.8,584,153176,8,175,0,1,0,0.0,0.0,0.0,0.0,0,0,320,0,pip_scikit_learn\sklearn\metrics\_pairwise_distances_reduction\_middle_term_computer.cp312-win_amd64.pyd,pip_scikit_learn
34404,240,8226,14,51,115712,44544,0,113808,4096,0,6442450944,4096,512,6,0,0,0,6,0,180224,1024,190238,3,352,1048576,4096,1048576,4096,0,16,5,4.876442029522181,2.314847812161952,6.194565737615393,31436.8,512,115712,31850.4,496,115640,9,189,0,1,0,0.0,0.0,0.0,0.0,0,0,320,0,pip_scikit_learn\sklearn\metrics\_pairwise_distances_reduction\_radius_neighbors.cp312-win_amd64.pyd,pip_scikit_learn
34404,240,8226,14,51,66048,29184,0,67584,4096,0,6442450944,4096,512,6,0,0,0,6,0,110592,1024,152480,3,352,1048576,4096,1048576,4096,0,16,5,4.374160750290537,1.563930936916483,6.092165775541589,18534.4,512,66048,18940.0,320,66040,6,167,0,1,0,0.0,0.0,0.0,0.0,0,0,320,0,pip_scikit_learn\sklearn\metrics\_pairwise_distances_reduction\_radius_neighbors_classmode.cp312-win_amd64.pyd,pip_scikit_learn
34404,240,8226,14,51,295936,77312,0,297072,4096,0,6442450944,4096,512,6,0,0,0,6,0,389120,1024,407567,3,352,1048576,4096,1048576,4096,0,16,5,4.830792796014943,1.8327153764178759,6.2551760692655805,73625.6,1024,295936,74335.6,856,295528,7,204,0,1,0,0.0,0.0,0.0,0.0,0,0,320,0,pip_scikit_learn\sklearn\neighbors\_ball_tree.cp312-win_amd64.pyd,pip_scikit_learn
34404,240,8226,14,51,296448,76288,0,297584,4096,0,6442450944,4096,512,6,0,0,0,6,0,385024,1024,401621,3,352,1048576,4096,1048576,4096,0,16,5,4.845024528724872,1.838015931882965,6.254353864938887,73625.6,1024,296448,74336.4,856,296040,7,204,0,1,0,0.0,0.0,0.0,0.0,0,0,320,0,pip_scikit_learn\sklearn\neighbors\_kd_tree.cp312-win_amd64.pyd,pip_scikit_learn
34404,240,8226,14,51,15872,20480,0,16112,4096,0,6442450944,4096,512,6,0,0,0,6,0,53248,1024,53528,3,352,1048576,4096,1048576,4096,0,16,5,3.6727610614089534,1.2442546209549128,6.250627357051466,7168.0,512,16896,6898.4,100,16596,6,76,0,1,0,0.0,0.0,0.0,0.0,0,0,320,0,pip_scikit_learn\sklearn\neighbors\_partition_nodes.cp312-win_amd64.pyd,pip_scikit_learn
34404,240,8226,14,51,72192,35840,0,73408,4096,0,6442450944,4096,512,6,0,0,0,6,0,122880,1024,144401,3,352,1048576,4096,1048576,4096,0,16,5,4.650943997707808,1.800369060777086,6.154006205044306,21094.4,512,72192,21400.0,440,71832,7,184,0,1,0,0.0,0.0,0.0,0.0,0,0,320,0,pip_scikit_learn\sklearn\neighbors\_quad_tree.cp312-win_amd64.pyd,pip_scikit_learn
34404,240,8226,14,51,183296,33280,0,184752,4096,0,6442450944,4096,512,6,0,0,0,6,0,229376,1024,274953,3,352,1048576,4096,1048576,4096,0,16,5,4.702294158901395,1.9308414818442894,5.987658660523161,42905.6,512,183296,43082.8,408,183176,5,171,0,1,0,0.0,0.0,0.0,0.0,0,0,320,0,pip_scikit_learn\sklearn\preprocessing\_csr_polynomial_expansion.cp312-win_amd64.pyd,pip_scikit_learn
34404,240,8226,14,51,201216,31744,0,201376,4096,0,6442450944,4096,512,6,0,0,0,6,0,249856,1024,254117,3,352,1048576,4096,1048576,4096,0,16,5,4.818725453015929,2.2338573028784308,6.204915003475766,46284.8,512,201216,46488.8,428,201096,8,171,0,1,0,0.0,0.0,0.0,0.0,0,0,320,0,pip_scikit_learn\sklearn\preprocessing\_target_encoder_fast.cp312-win_amd64.pyd,pip_scikit_learn
34404,240,8226,14,51,80384,32768,0,80800,4096,0,6442450944,4096,512,6,0,0,0,6,0,126976,1024,166171,3,352,1048576,4096,1048576,4096,0,16,5,4.313275545906087,0.8595785440840218,6.3969459226285545,22323.2,512,80384,22458.0,332,80104,9,156,0,1,0,0.0,0.0,0.0,0.0,0,0,320,0,pip_scikit_learn\sklearn\svm\_liblinear.cp312-win_amd64.pyd,pip_scikit_learn
34404,240,8226,14,51,189952,53248,0,190512,4096,0,6442450944,4096,512,6,0,0,0,6,0,258048,1024,301378,3,352,1048576,4096,1048576,4096,0,16,5,4.568167726351188,0.8833594088734648,6.207358913458617,48332.8,512,189952,48484.0,432,189832,9,176,0,1,0,0.0,0.0,0.0,0.0,0,0,320,0,pip_scikit_learn\sklearn\svm\_libsvm.cp312-win_amd64.pyd,pip_scikit_learn
34404,240,8226,14,51,159232,38400,0,159440,4096,0,6442450944,4096,512,6,0,0,0,6,0,208896,1024,200183,3,352,1048576,4096,1048576,4096,0,16,5,4.432867619611869,0.9986524858787977,6.184542408746384,39219.2,512,159232,39244.8,376,158744,8,159,0,1,0,0.0,0.0,0.0,0.0,0,0,320,0,pip_scikit_learn\sklearn\svm\_libsvm_sparse.cp312-win_amd64.pyd,pip_scikit_learn
34404,240,8226,14,51,18432,19968,0,19792,4096,0,6442450944,4096,512,6,0,0,0,6,0,53248,1024,89267,3,352,1048576,4096,1048576,4096,0,16,5,3.621001632045919,0.5237632461788713,6.153911643710184,7577.6,512,18432,7421.6,224,18232,4,109,0,1,0,0.0,0.0,0.0,0.0,0,0,320,0,pip_scikit_learn\sklearn\svm\_newrand.cp312-win_amd64.pyd,pip_scikit_learn
34404,240,8226,14,51,110080,42496,0,111216,4096,0,6442450944,4096,512,6,0,0,0,6,0,163840,1024,200922,3,352,1048576,4096,1048576,4096,0,16,5,4.471889512423887,1.178122949052069,6.196972271083216,29900.8,512,110080,30200.4,388,109608,6,161,0,1,0,0.0,0.0,0.0,0.0,0,0,320,0,pip_scikit_learn\sklearn\tree\_criterion.cp312-win_amd64.pyd,pip_scikit_learn
34404,240,8226,14,51,81408,30720,0,82832,4096,0,6442450944,4096,512,6,0,0,0,6,0,126976,1024,120801,3,352,1048576,4096,1048576,4096,0,16,5,4.410799016137244,1.498181956694896,6.152106935301619,22016.0,512,81408,22294.4,304,81256,7,164,0,1,0,0.0,0.0,0.0,0.0,0,0,320,0,pip_scikit_learn\sklearn\tree\_partitioner.cp312-win_amd64.pyd,pip_scikit_learn
34404,240,8226,14,51,58880,29696,0,60176,4096,0,6442450944,4096,512,6,0,0,0,6,0,102400,1024,108272,3,352,1048576,4096,1048576,4096,0,16,5,4.275758638756762,1.2397514153513327,6.105735619879475,17408.0,512,58880,17446.4,344,58584,5,147,0,1,0,0.0,0.0,0.0,0.0,0,0,320,0,pip_scikit_learn\sklearn\tree\_splitter.cp312-win_amd64.pyd,pip_scikit_learn
34404,240,8226,14,51,219136,65536,0,218224,4096,0,6442450944,4096,512,6,0,0,0,6,0,299008,1024,289846,3,352,1048576,4096,1048576,4096,0,16,5,4.743976360795019,1.9256700279920098,6.202364048595689,55705.6,1024,219136,56669.2,768,219000,9,200,0,1,0,0.0,0.0,0.0,0.0,0,0,320,0,pip_scikit_learn\sklearn\tree\_tree.cp312-win_amd64.pyd,pip_scikit_learn
34404,240,8226,14,51,38912,26112,0,40464,4096,0,6442450944,4096,512,6,0,0,0,6,0,81920,1024,103795,3,352,1048576,4096,1048576,4096,0,16,5,4.1298300624493525,1.4638729480230637,6.073488003942304,12595.2,512,38912,12756.0,304,38904,6,151,0,1,0,0.0,0.0,0.0,0.0,0,0,320,0,pip_scikit_learn\sklearn\tree\_utils.cp312-win_amd64.pyd,pip_scikit_learn
34404,240,8226,14,51,57856,27136,0,59392,4096,0,6442450944,4096,512,6,0,0,0,6,0,102400,1024,134129,3,352,1048576,4096,1048576,4096,0,16,5,4.49795015270603,1.7375665755518481,6.154641744767111,16691.2,512,57856,16857.6,344,57816,5,144,0,1,0,0.0,0.0,0.0,0.0,0,0,320,0,pip_scikit_learn\sklearn\utils\arrayfuncs.cp312-win_amd64.pyd,pip_scikit_learn
34404,240,8226,14,51,38400,22528,0,39888,4096,0,6442450944,4096,512,6,0,0,0,6,0,73728,1024,125380,3,352,1048576,4096,1048576,4096,0,16,5,4.069650269752549,1.762455767340167,6.12703883649851,11878.4,512,38400,11943.2,260,38312,5,139,0,1,0,0.0,0.0,0.0,0.0,0,0,320,0,pip_scikit_learn\sklearn\utils\murmurhash.cp312-win_amd64.pyd,pip_scikit_learn
34404,240,8226,14,51,418816,46592,0,420336,4096,0,6442450944,4096,512,6,0,0,0,6,0,483328,1024,503209,3,352,1048576,4096,1048576,4096,0,16,5,4.979364751138408,2.150069986006959,6.155641293313527,92467.2,512,418816,92932.8,512,418776,6,171,0,1,0,0.0,0.0,0.0,0.0,0,0,320,0,pip_scikit_learn\sklearn\utils\sparsefuncs_fast.cp312-win_amd64.pyd,pip_scikit_learn
34404,240,8226,14,51,25600,18432,0,26832,4096,0,6442450944,4096,512,6,0,0,0,6,0,61440,1024,53458,3,352,1048576,4096,1048576,4096,0,16,5,3.9480485919094157,1.5376000150842621,6.086537522484449,8601.6,512,25600,8532.4,232,25256,5,119,0,1,0,0.0,0.0,0.0,0.0,0,0,320,0,pip_scikit_learn\sklearn\utils\_bitset.cp312-win_amd64.pyd,pip_scikit_learn
34404,240,8226,14,51,122880,32256,0,123984,4096,0,6442450944,4096,512,6,0,0,0,6,0,167936,1024,161821,3,352,1048576,4096,1048576,4096,0,16,5,4.677854659607265,1.816638749496182,6.163420225667468,30515.2,512,122880,30741.2,392,122408,5,155,0,1,0,0.0,0.0,0.0,0.0,0,0,320,0,pip_scikit_learn\sklearn\utils\_cython_blas.cp312-win_amd64.pyd,pip_scikit_learn
34404,240,8226,14,51,57856,32768,0,57648,4096,0,6442450944,4096,512,6,0,0,0,6,0,106496,1024,93940,3,352,1048576,4096,1048576,4096,0,16,5,4.671421033691688,2.0873494509901906,6.0892385378873914,17817.6,512,57856,17927.6,440,57432,8,182,0,1,0,0.0,0.0,0.0,0.0,0,0,320,0,pip_scikit_learn\sklearn\utils\_fast_dict.cp312-win_amd64.pyd,pip_scikit_learn
34404,240,8226,14,51,8192,8704,0,9680,4096,0,6442450944,4096,512,6,0,0,0,6,0,32768,1024,51610,3,352,1048576,4096,1048576,4096,0,16,5,3.0098609634645914,0.8005143254411814,6.10356343328707,3276.8,512,8192,3024.4,60,8104,4,65,0,1,0,0.0,0.0,0.0,0.0,0,0,320,0,pip_scikit_learn\sklearn\utils\_heap.cp312-win_amd64.pyd,pip_scikit_learn
34404,240,8226,14,51,35840,22016,0,37104,4096,0,6442450944,4096,512,6,0,0,0,6,0,69632,1024,66794,3,352,1048576,4096,1048576,4096,0,16,5,4.128616737042711,1.5693786716604006,6.115554703549343,11264.0,512,35840,11366.0,268,35528,6,151,0,1,0,0.0,0.0,0.0,0.0,0,0,320,0,pip_scikit_learn\sklearn\utils\_isfinite.cp312-win_amd64.pyd,pip_scikit_learn
34404,240,8226,14,51,24064,18432,0,25136,4096,0,6442450944,4096,512,6,0,0,0,6,0,57344,1024,97939,3,352,1048576,4096,1048576,4096,0,16,5,3.943206728223772,1.4919902160803307,6.048363564387046,8396.8,512,24064,8258.0,220,23576,5,138,0,1,0,0.0,0.0,0.0,0.0,0,0,320,0,pip_scikit_learn\sklearn\utils\_openmp_helpers.cp312-win_amd64.pyd,pip_scikit_learn
34404,240,8226,14,51,79872,34816,0,81136,4096,0,6442450944,4096,512,6,0,0,0,6,0,131072,1024,125248,3,352,1048576,4096,1048576,4096,0,16,5,4.533203356247684,1.7977455596094793,6.151484289762008,22528.0,512,79872,22657.6,360,79560,5,163,0,1,0,0.0,0.0,0.0,0.0,0,0,320,0,pip_scikit_learn\sklearn\utils\_random.cp312-win_amd64.pyd,pip_scikit_learn
34404,240,8226,14,51,87552,32768,0,89072,4096,0,6442450944,4096,512,6,0,0,0,6,0,135168,1024,139046,3,352,1048576,4096,1048576,4096,0,16,5,4.607498852718746,1.4702244116746104,6.103386389749835,23552.0,512,87552,23847.2,492,87480,5,151,0,1,0,0.0,0.0,0.0,0.0,0,0,320,0,pip_scikit_learn\sklearn\utils\_seq_dataset.cp312-win_amd64.pyd,pip_scikit_learn
34404,240,8226,14,51,35328,21504,0,36672,4096,0,6442450944,4096,512,6,0,0,0,6,0,69632,1024,106134,3,352,1048576,4096,1048576,4096,0,16,5,4.178471990100361,1.590784457459497,6.186967729268633,11059.2,512,35328,11176.8,276,35096,6,139,0,1,0,0.0,0.0,0.0,0.0,0,0,320,0,pip_scikit_learn\sklearn\utils\_sorting.cp312-win_amd64.pyd,pip_scikit_learn
34404,240,8226,14,51,50176,25088,0,51664,4096,0,6442450944,4096,512,6,0,0,0,6,0,94208,1024,89802,3,352,1048576,4096,1048576,4096,0,16,5,4.270335186810554,1.5149946719909988,6.156914094946536,14745.6,512,50176,14799.2,308,50088,5,155,0,1,0,0.0,0.0,0.0,0.0,0,0,320,0,pip_scikit_learn\sklearn\utils\_typedefs.cp312-win_amd64.pyd,pip_scikit_learn
34404,240,8226,14,51,62464,33280,0,62352,4096,0,6442450944,4096,512,6,0,0,0,6,0,110592,1024,122046,3,352,1048576,4096,1048576,4096,0,16,5,4.470160558045172,1.6722737343452891,6.077337694730114,18841.6,512,62464,18920.0,404,62344,7,167,0,1,0,0.0,0.0,0.0,0.0,0,0,320,0,pip_scikit_learn\sklearn\utils\_vector_sentinel.cp312-win_amd64.pyd,pip_scikit_learn
34404,240,8226,14,51,30208,20480,0,31440,4096,0,6442450944,4096,512,6,0,0,0,6,0,65536,1024,81697,3,352,1048576,4096,1048576,4096,0,16,5,3.6240349035717436,0.82489135721671,6.160263546927494,9932.8,512,30208,9769.6,136,29864,6,111,0,1,0,0.0,0.0,0.0,0.0,0,0,320,0,pip_scikit_learn\sklearn\utils\_weight_vector.cp312-win_amd64.pyd,pip_scikit_learn
34404,240,8226,14,51,1168384,162816,0,1169664,4096,0,6442450944,4096,512,6,0,0,0,6,0,1343488,1024,1340805,3,352,1048576,4096,1048576,4096,0,16,5,5.092400539052713,2.1258217606907386,6.110632977512195,264806.4,2560,1168384,265985.2,2236,1168136,8,180,0,1,0,0.0,0.0,0.0,0.0,0,0,320,0,pip_scikit_learn\sklearn\_loss\_loss.cp312-win_amd64.pyd,pip_scikit_learn
34404,240,8226,14,51,14336,13312,0,15536,4096,0,6442450944,4096,512,6,0,0,0,6,0,45056,1024,61516,3,352,1048576,4096,1048576,4096,0,16,5,3.629611271067497,1.43407603802903,6.013848205776921,5427.2,512,14336,5223.2,200,13960,4,97,0,1,0,0.0,0.0,0.0,0.0,0,0,320,0,pip_scikit_learn\sklearn\__check_build\_check_build.cp312-win_amd64.pyd,pip_scikit_learn
34404,240,8750,2,46,155648,35840,4608,4608,4096,0,9156624384,4096,512,4,0,0,0,5,2,225280,1024,226381,3,352,2097152,4096,1048576,4096,0,16,10,3.348894507304236,0.0,6.180118813947462,19148.8,0,155648,19329.1,16,155376,9,203,0,1,0,0.0,0.0,0.0,0.0,0,0,0,0,pip_scipy\scipy\_cyutility.cp312-win_amd64.pyd,pip_scipy
34404,240,8750,2,46,176640,45056,6144,4608,4096,0,11405230080,4096,512,4,0,0,0,5,2,253952,1024,254032,3,352,2097152,4096,1048576,4096,0,16,10,3.250091941916227,0.0,6.064415427267483,22169.6,0,176640,22455.9,16,176496,10,185,0,1,0,0.0,0.0,0.0,0.0,0,0,0,0,pip_scipy\scipy\cluster\hierarchy\_hierarchy.cp312-win_amd64.pyd,pip_scipy
34404,240,8750,2,46,139776,29184,4608,4608,4096,0,14390067200,4096,512,4,0,0,0,5,2,204800,1024,170838,3,352,2097152,4096,1048576,4096,0,16,10,3.371582755942503,0.0,5.855505379137217,16896.0,0,139776,17066.7,16,139312,9,195,0,1,0,0.0,0.0,0.0,0.0,0,0,0,0,pip_scipy\scipy\cluster\hierarchy\_optimal_leaf_ordering.cp312-win_amd64.pyd,pip_scipy
34404,240,8750,2,46,78848,25600,1536,4608,4096,0,12459769856,4096,512,4,0,0,0,5,2,135168,1024,131806,3,352,2097152,4096,1048576,4096,0,16,10,2.9848827623829277,0.0,6.048433750889177,10444.8,0,78848,10248.1,16,78768,8,144,0,1,0,0.0,0.0,0.0,0.0,0,0,0,0,pip_scipy\scipy\cluster\vq\_vq.cp312-win_amd64.pyd,pip_scipy
34404,240,8750,2,46,2372096,413696,15872,4608,4096,0,9341108224,4096,512,4,0,0,0,5,2,2826240,1024,2850993,3,352,2097152,4096,1048576,4096,0,16,10,3.514845898511701,0.0,6.323487034997959,278579.2,0,2372096,279815.7,16,2372048,14,259,0,1,0,0.0,0.0,0.0,0.0,0,0,0,0,pip_scipy\scipy\fft\_duccfft\pyduccfft.cp312-win_amd64.pyd,pip_scipy
34404,240,8750,2,46,92160,29184,4608,4608,4096,0,11162288128,4096,512,4,0,0,0,5,2,155648,1024,167037,3,352,2097152,4096,1048576,4096,0,16,10,3.2206482490487174,0.0,6.123947959687309,12134.4,0,92160,12288.7,16,91888,9,165,0,1,0,0.0,0.0,0.0,0.0,0,0,0,0,pip_scipy\scipy\fftpack\convolve.cp312-win_amd64.pyd,pip_scipy
34404,240,8750,2,46,69120,16896,512,4608,4096,0,10624892928,4096,512,4,0,0,0,5,2,114688,1024,147629,3,352,2097152,4096,1048576,4096,0,16,10,3.0273880264676674,0.0,6.546227554731737,8601.6,0,69120,8355.5,16,68672,9,102,0,1,0,0.0,0.0,0.0,0.0,0,0,0,0,pip_scipy\scipy\integrate\_dop.cp312-win_amd64.pyd,pip_scipy
34404,240,8750,2,46,79360,18432,512,4608,4096,0,14685241344,4096,512,4,0,0,0,5,2,131072,1024,122181,3,352,2097152,4096,1048576,4096,0,16,10,3.131032368438743,0.0,6.101435105631534,9779.2,0,79360,9552.6,16,79232,10,110,0,1,0,0.0,0.0,0.0,0.0,0,0,0,0,pip_scipy\scipy\integrate\_odepack.cp312-win_amd64.pyd,pip_scipy
34404,240,8750,2,46,120320,20992,512,4608,4096,0,11747852288,4096,512,4,0,0,0,5,2,172032,1024,207280,3,352,2097152,4096,1048576,4096,0,16,10,3.2320175205017905,0.0,6.010908097288864,14131.2,0,120320,13892.5,16,120016,9,117,0,1,0,0.0,0.0,0.0,0.0,0,0,0,0,pip_scipy\scipy\integrate\_quadpack.cp312-win_amd64.pyd,pip_scipy
34404,240,8750,2,46,5632,7168,512,4608,4096,0,12079726592,4096,512,4,0,0,0,5,2,49152,1024,63775,3,352,2097152,4096,1048576,4096,0,16,10,2.128857790231606,0.0,5.856402573866443,1280.0,0,5632,988.7,16,5296,8,32,0,1,0,0.0,0.0,0.0,0.0,0,0,0,0,pip_scipy\scipy\integrate\_test_multivariate.cp312-win_amd64.pyd,pip_scipy
34404,240,8750,2,46,117248,21504,512,4608,4096,0,10460004352,4096,512,4,0,0,0,5,2,167936,1024,198283,3,352,2097152,4096,1048576,4096,0,16,10,3.2072578287187894,0.0,6.10280231616589,13875.2,0,117248,13586.8,16,116864,10,117,0,1,0,0.0,0.0,0.0,0.0,0,0,0,0,pip_scipy\scipy\integrate\_vode.cp312-win_amd64.pyd,pip_scipy
34404,240,8750,2,46,226816,65024,3072,4608,4096,0,13648920576,4096,512,4,0,0,0,5,2,319488,1024,356346,3,352,2097152,4096,1048576,4096,0,16,10,3.6685620905472867,0.0,6.157762480099039,29184.0,0,226816,29188.2,16,226608,12,119,0,1,0,0.0,0.0,0.0,0.0,0,0,0,0,pip_scipy\scipy\interpolate\_dierckx.cp312-win_amd64.pyd,pip_scipy
34404,240,8750,2,46,329728,15360,512,4608,4096,0,15461711872,4096,512,4,0,0,0,5,2,372736,1024,364261,3,352,2097152,4096,1048576,4096,0,16,10,3.2413627987622684,0.0,6.012637622693771,34508.8,0,329728,34285.1,16,329472,8,50,0,1,0,0.0,0.0,0.0,0.0,0,0,0,0,pip_scipy\scipy\interpolate\_fitpack.cp312-win_amd64.pyd,pip_scipy
34404,240,8750,2,46,196608,37376,5632,4608,4096,0,13188399104,4096,512,4,0,0,0,5,2,266240,1024,251311,3,352,2097152,4096,1048576,4096,0,16,10,3.4880969468983443,0.0,6.549716873616003,23398.4,0,196608,23674.9,16,196400,10,213,0,1,0,0.0,0.0,0.0,0.0,0,0,0,0,pip_scipy\scipy\interpolate\_interpnd.cp312-win_amd64.pyd,pip_scipy
34404,240,8750,2,46,168960,36864,5120,4608,4096,0,14792851456,4096,512,4,0,0,0,5,2,237568,1024,265079,3,352,2097152,4096,1048576,4096,0,16,10,3.4278060968041837,0.0,6.110204141891165,20582.4,0,168960,20786.3,16,168768,10,180,0,1,0,0.0,0.0,0.0,0.0,0,0,0,0,pip_scipy\scipy\interpolate\_ppoly.cp312-win_amd64.pyd,pip_scipy
34404,240,8750,2,46,942592,201216,3072,4608,4096,0,11178672128,4096,512,4,0,0,0,5,2,1175552,1024,1190044,3,352,2097152,4096,1048576,4096,0,16,10,3.394490742533697,0.0,6.141275992418422,114380.8,0,942592,114445.5,16,942560,13,149,0,1,0,0.0,0.0,0.0,0.0,0,0,0,0,pip_scipy\scipy\interpolate\_rbfinterp_pythran.cp312-win_amd64.pyd,pip_scipy
34404,240,8750,2,46,94208,27648,4608,4608,4096,0,10591535104,4096,512,4,0,0,0,5,2,151552,1024,179705,3,352,2097152,4096,1048576,4096,0,16,10,3.254344749255158,0.0,6.122409369311089,12185.6,0,94208,12309.7,16,93840,9,176,0,1,0,0.0,0.0,0.0,0.0,0,0,0,0,pip_scipy\scipy\interpolate\_rgi_cython.cp312-win_amd64.pyd,pip_scipy
34404,240,8750,2,46,142848,41472,3072,4608,4096,0,15139274752,4096,512,4,0,0,0,5,2,217088,1024,190425,3,352,2097152,4096,1048576,4096,0,16,10,3.378115136637247,0.0,6.060982635820742,18432.0,0,142848,18466.5,16,142720,7,204,0,1,0,0.0,0.0,0.0,0.0,0,0,0,0,pip_scipy\scipy\io\matlab\_mio5_utils.cp312-win_amd64.pyd,pip_scipy
34404,240,8750,2,46,34304,18432,1536,4608,4096,0,7857176576,4096,512,4,0,0,0,5,2,86016,1024,71905,3,352,2097152,4096,1048576,4096,0,16,10,2.996993656312243,0.0,6.004453679427817,5273.6,0,34304,5156.7,16,34064,7,139,0,1,0,0.0,0.0,0.0,0.0,0,0,0,0,pip_scipy\scipy\io\matlab\_mio_utils.cp312-win_amd64.pyd,pip_scipy
34404,240,8750,2,46,82432,25088,2048,4608,4096,0,13119913984,4096,512,4,0,0,0,5,2,139264,1024,157620,3,352,2097152,4096,1048576,4096,0,16,10,3.239059612541612,0.0,6.004539848744002,10752.0,0,82432,10716.3,16,82112,7,160,0,1,0,0.0,0.0,0.0,0.0,0,0,0,0,pip_scipy\scipy\io\matlab\_streams.cp312-win_amd64.pyd,pip_scipy
34404,240,8750,2,46,1986048,893440,5120,4608,4096,0,7876444160,4096,512,4,0,0,0,5,2,2904064,1024,2895450,3,352,2097152,4096,1048576,4096,0,16,10,3.6127016858708636,0.0,6.186776339300443,287948.8,0,1986048,288113.7,16,1985568,14,267,0,1,0,0.0,0.0,0.0,0.0,0,0,0,0,pip_scipy\scipy\io\_fast_matrix_market\_fmm_core.cp312-win_amd64.pyd,pip_scipy
34404,240,8750,2,46,86528,39936,4608,4608,4096,0,8969519104,4096,512,4,0,0,0,5,2,159744,1024,149191,3,352,2097152,4096,1048576,4096,0,16,10,3.321737013629366,0.0,6.079888305539094,12646.4,0,86528,12747.6,16,86064,10,293,0,1,0,0.0,0.0,0.0,0.0,0,0,0,0,pip_scipy\scipy\linalg\cython_blas.cp312-win_amd64.pyd,pip_scipy
34404,240,8750,2,46,64000,138240,1536,4608,4096,0,14606598144,4096,512,4,0,0,0,5,2,225280,1024,232048,3,352,2097152,4096,1048576,4096,0,16,10,3.306521136283434,0.0,6.514694200801197,20224.0,0,64000,20002.0,16,63712,8,1627,0,1,0,0.0,0.0,0.0,0.0,0,0,0,0,pip_scipy\scipy\linalg\cython_lapack.cp312-win_amd64.pyd,pip_scipy
34404,240,8750,2,46,984576,180224,3072,4608,4096,0,13420593152,4096,512,4,0,0,0,5,2,1191936,1024,1216946,3,352,2097152,4096,1048576,4096,0,16,10,3.5343082529295686,0.0,6.100194563023072,116480.0,0,984576,116513.6,16,984112,14,272,0,1,0,0.0,0.0,0.0,0.0,0,0,0,0,pip_scipy\scipy\linalg\_batched_linalg.cp312-win_amd64.pyd,pip_scipy
34404,240,8750,2,46,161280,36352,5120,4608,4096,0,15352725504,4096,512,4,0,0,0,5,2,229376,1024,236934,3,352,2097152,4096,1048576,4096,0,16,10,3.3245634699958466,0.0,6.08537453660059,19763.2,0,161280,20013.7,16,161184,9,173,0,1,0,0.0,0.0,0.0,0.0,0,0,0,0,pip_scipy\scipy\linalg\_cythonized_array_utils.cp312-win_amd64.pyd,pip_scipy
34404,240,8750,2,46,696320,45056,6656,4608,4096,0,11451564032,4096,512,4,0,0,0,5,2,774144,1024,804731,3,352,2097152,4096,1048576,4096,0,16,10,3.580431287880402,0.0,6.70780203133959,74137.6,0,696320,74537.3,16,696016,10,195,0,1,0,0.0,0.0,0.0,0.0,0,0,0,0,pip_scipy\scipy\linalg\_decomp_interpolative.cp312-win_amd64.pyd,pip_scipy
34404,240,8750,2,46,259584,43008,3072,4608,4096,0,13360824320,4096,512,4,0,0,0,5,2,331776,1024,354092,3,352,2097152,4096,1048576,4096,0,16,10,3.4427337351509157,0.0,6.445077466149981,30259.2,0,259584,30285.5,16,259120,8,172,0,1,0,0.0,0.0,0.0,0.0,0,0,0,0,pip_scipy\scipy\linalg\_decomp_update.cp312-win_amd64.pyd,pip_scipy
34404,240,8750,2,46,386560,352256,3072,4608,4096,0,14333575168,4096,512,4,0,0,0,5,2,761856,1024,769650,3,352,2097152,4096,1048576,4096,0,16,10,3.4425938920932517,0.0,5.756443840280431,73881.6,0,386560,73925.8,16,386400,11,1753,0,1,0,0.0,0.0,0.0,0.0,0,0,0,0,pip_scipy\scipy\linalg\_fblas.cp312-win_amd64.pyd,pip_scipy
34404,240,8750,2,46,1333248,967168,3584,4608,4096,0,10461249536,4096,512,4,0,0,0,5,2,2326528,1024,2334701,3,352,2097152,4096,1048576,4096,0,16,10,3.592340995824574,0.0,5.748238511704043,230041.6,0,1333248,230120.2,16,1333232,11,1806,0,1,0,0.0,0.0,0.0,0.0,0,0,0,0,pip_scipy\scipy\linalg\_flapack.cp312-win_amd64.pyd,pip_scipy
34404,240,8750,2,46,156672,14336,512,4608,4096,0,13248823296,4096,512,4,0,0,0,5,2,208896,1024,223331,3,352,2097152,4096,1048576,4096,0,16,10,2.935578330863512,0.0,6.150383095027051,17100.8,0,156672,16837.0,16,156176,9,109,0,1,0,0.0,0.0,0.0,0.0,0,0,0,0,pip_scipy\scipy\linalg\_internal_matfuncs.cp312-win_amd64.pyd,pip_scipy
34404,240,8750,2,46,843776,193536,3072,4608,4096,0,11300569088,4096,512,4,0,0,0,5,2,1064960,1024,1102817,3,352,2097152,4096,1048576,4096,0,16,10,3.374201973993985,0.0,6.1565819923491745,103731.2,0,843776,103781.7,16,843296,13,150,0,1,0,0.0,0.0,0.0,0.0,0,0,0,0,pip_scipy\scipy\linalg\_linalg_pythran.cp312-win_amd64.pyd,pip_scipy
34404,240,8750,2,46,79872,26624,4608,4608,4096,0,8701018112,4096,512,4,0,0,0,5,2,139264,1024,138358,3,352,2097152,4096,1048576,4096,0,16,10,3.22291222993224,0.0,6.146142658548921,10649.6,0,79872,10750.3,16,79488,9,169,0,1,0,0.0,0.0,0.0,0.0,0,0,0,0,pip_scipy\scipy\linalg\_matfuncs_sqrtm_triu.cp312-win_amd64.pyd,pip_scipy
34404,240,8750,2,46,95232,27648,4608,4608,4096,0,10393944064,4096,512,4,0,0,0,5,2,155648,1024,182906,3,352,2097152,4096,1048576,4096,0,16,10,3.282938942031457,0.0,6.148999828256334,12288.0,0,95232,12481.3,16,95216,9,173,0,1,0,0.0,0.0,0.0,0.0,0,0,0,0,pip_scipy\scipy\linalg\_solve_toeplitz.cp312-win_amd64.pyd,pip_scipy
34404,240,8750,2,46,6144,6656,512,4608,4096,0,15369764864,4096,512,4,0,0,0,5,2,49152,1024,28093,3,352,2097152,4096,1048576,4096,0,16,10,2.2643815296386998,0.0,5.921952961786876,1280.0,0,6144,1058.7,16,5904,7,38,0,1,0,0.0,0.0,0.0,0.0,0,0,0,0,pip_scipy\scipy\ndimage\_ctest.cp312-win_amd64.pyd,pip_scipy
34404,240,8750,2,46,52224,19968,1536,4608,4096,0,11771772928,4096,512,4,0,0,0,5,2,102400,1024,81564,3,352,2097152,4096,1048576,4096,0,16,10,3.004137907146425,0.0,6.074613297157884,7219.2,0,52224,7063.7,16,51888,7,159,0,1,0,0.0,0.0,0.0,0.0,0,0,0,0,pip_scipy\scipy\ndimage\_cytest.cp312-win_amd64.pyd,pip_scipy
34404,240,8750,2,46,171520,24064,512,4608,4096,0,14661976064,4096,512,4,0,0,0,5,2,221184,1024,224035,3,352,2097152,4096,1048576,4096,0,16,10,3.167225130323726,0.0,6.2702811079678735,19558.4,0,171520,19367.3,16,171472,9,120,0,1,0,0.0,0.0,0.0,0.0,0,0,0,0,pip_scipy\scipy\ndimage\_nd_image.cp312-win_amd64.pyd,pip_scipy
34404,240,8750,2,46,175104,36352,5120,4608,4096,0,7594508288,4096,512,4,0,0,0,5,2,245760,1024,256087,3,352,2097152,4096,1048576,4096,0,16,10,3.2371005000749973,0.0,6.078000236511087,21145.6,0,175104,21362.1,16,174992,9,193,0,1,0,0.0,0.0,0.0,0.0,0,0,0,0,pip_scipy\scipy\ndimage\_ni_label.cp312-win_amd64.pyd,pip_scipy
34404,240,8750,2,46,98304,28672,512,4608,4096,0,15153037312,4096,512,4,0,0,0,5,2,155648,1024,189003,3,352,2097152,4096,1048576,4096,0,16,10,3.1551396974006343,0.0,6.065360062331706,12697.6,0,98304,12524.9,16,98224,9,103,0,1,0,0.0,0.0,0.0,0.0,0,0,0,0,pip_scipy\scipy\ndimage\_rank_filter_1d.cp312-win_amd64.pyd,pip_scipy
34404,240,8750,2,46,519168,195584,3584,4608,4096,0,13364690944,4096,512,4,0,0,0,5,2,745472,1024,753329,3,352,2097152,4096,1048576,4096,0,16,10,3.2255892224012306,0.0,6.013395424855438,71475.2,0,519168,71530.8,16,518992,14,1808,0,1,0,0.0,0.0,0.0,0.0,0,0,0,0,pip_scipy\scipy\odr\__odrpack.cp312-win_amd64.pyd,pip_scipy
34404,240,8750,2,46,137728,36864,5632,4608,4096,0,11169431552,4096,512,4,0,0,0,5,2,208896,1024,216710,3,352,2097152,4096,1048576,4096,0,16,10,3.2473969904978937,0.0,6.09601145225415,17459.2,0,137728,17656.9,16,137360,9,190,0,1,0,0.0,0.0,0.0,0.0,0,0,0,0,pip_scipy\scipy\optimize\_bglu_dense.cp312-win_amd64.pyd,pip_scipy
34404,240,8750,2,46,54784,14848,3072,4608,4096,0,14837874688,4096,512,4,0,0,0,5,2,102400,1024,90560,3,352,2097152,4096,1048576,4096,0,16,10,2.6409030209454527,0.0,6.120174806104732,6963.2,0,54784,6919.3,16,54352,11,63,0,1,0,0.0,0.0,0.0,0.0,0,0,0,0,pip_scipy\scipy\optimize\_direct.cp312-win_amd64.pyd,pip_scipy
34404,240,8750,2,46,813568,193024,3072,4608,4096,0,13676642304,4096,512,4,0,0,0,5,2,1036288,1024,1067458,3,352,2097152,4096,1048576,4096,0,16,10,3.3784348313782124,0.0,6.152990963218081,100659.2,0,813568,100694.3,16,813296,12,144,0,1,0,0.0,0.0,0.0,0.0,0,0,0,0,pip_scipy\scipy\optimize\_group_columns.cp312-win_amd64.pyd,pip_scipy
34404,240,8750,2,46,37888,10752,512,4608,4096,0,14298775552,4096,512,4,0,0,0,5,2,81920,1024,69055,3,352,2097152,4096,1048576,4096,0,16,10,2.86295314991237,0.0,5.914016992071618,4864.0,0,37888,4638.0,16,37584,9,50,0,1,0,0.0,0.0,0.0,0.0,0,0,0,0,pip_scipy\scipy\optimize\_lbfgsb.cp312-win_amd64.pyd,pip_scipy
34404,240,8750,2,46,139776,50176,512,4608,4096,0,7732264960,4096,512,4,0,0,0,5,2,221184,1024,197366,3,352,2097152,4096,1048576,4096,0,16,10,3.502466094050397,0.0,6.088490206686153,18995.2,0,139776,18753.3,16,139520,10,108,0,1,0,0.0,0.0,0.0,0.0,0,0,0,0,pip_scipy\scipy\optimize\_lsap.cp312-win_amd64.pyd,pip_scipy
34404,240,8750,2,46,100864,24064,512,4608,4096,0,12831752192,4096,512,4,0,0,0,5,2,151552,1024,160075,3,352,2097152,4096,1048576,4096,0,16,10,3.2402289291392194,0.0,6.125497418557688,12492.8,0,100864,12297.9,16,100864,9,109,0,1,0,0.0,0.0,0.0,0.0,0,0,0,0,pip_scipy\scipy\optimize\_minpack.cp312-win_amd64.pyd,pip_scipy
34404,240,8750,2,46,122368,27648,4096,4608,4096,0,10402463744,4096,512,4,0,0,0,5,2,176128,1024,174883,3,352,2097152,4096,1048576,4096,0,16,10,3.21101750763154,0.0,6.147179425671579,15001.6,0,122368,15078.7,16,121904,11,165,0,1,0,0.0,0.0,0.0,0.0,0,0,0,0,pip_scipy\scipy\optimize\_moduleTNC.cp312-win_amd64.pyd,pip_scipy
34404,240,8750,2,46,242688,80384,1024,4608,4096,0,12490833920,4096,512,4,0,0,0,5,2,356352,1024,365415,3,352,2097152,4096,1048576,4096,0,16,10,3.442949435313853,0.0,6.126852825763647,32307.2,0,242688,32129.1,16,242576,10,210,0,1,0,0.0,0.0,0.0,0.0,0,0,0,0,pip_scipy\scipy\optimize\_pava_pybind.cp312-win_amd64.pyd,pip_scipy
34404,240,8750,2,46,33280,14336,512,4608,4096,0,13337952256,4096,512,4,0,0,0,5,2,81920,1024,70959,3,352,2097152,4096,1048576,4096,0,16,10,2.700531892166219,0.0,5.963103533953347,4761.6,0,33280,4469.6,16,33216,9,72,0,1,0,0.0,0.0,0.0,0.0,0,0,0,0,pip_scipy\scipy\optimize\_slsqplib.cp312-win_amd64.pyd,pip_scipy
34404,240,8750,2,46,10240,11776,512,4608,4096,0,7790198784,4096,512,4,0,0,0,5,2,53248,1024,48605,3,352,2097152,4096,1048576,4096,0,16,10,2.6507111164876136,0.0,6.041183442075762,2201.6,0,10240,1909.1,16,10032,8,39,0,1,0,0.0,0.0,0.0,0.0,0,0,0,0,pip_scipy\scipy\optimize\_zeros.cp312-win_amd64.pyd,pip_scipy
34404,240,8750,2,46,58368,24064,1536,4608,4096,0,14001897472,4096,512,4,0,0,0,5,2,114688,1024,87569,3,352,2097152,4096,1048576,4096,0,16,10,3.1063324939255113,0.0,6.1158273050072465,8243.2,0,58368,8067.9,16,58000,8,155,0,1,0,0.0,0.0,0.0,0.0,0,0,0,0,pip_scipy\scipy\optimize\cython_optimize\_zeros.cp312-win_amd64.pyd,pip_scipy
34404,240,8750,2,46,5800448,907776,141312,4608,4096,0,8065187840,4096,512,4,0,0,0,5,2,6881280,1024,6768841,3,352,2097152,4096,1048576,4096,0,16,10,3.535636953165791,0.0,6.368540008252591,670822.4,0,5800448,684700.5,16,5800064,14,341,0,1,0,0.0,0.0,0.0,0.0,0,0,0,0,pip_scipy\scipy\optimize\_highspy\_core.cp312-win_amd64.pyd,pip_scipy
34404,240,8750,2,46,422912,119296,7680,4608,4096,0,15131279360,4096,512,4,0,0,0,5,2,577536,1024,601424,3,352,2097152,4096,1048576,4096,0,16,10,3.517907854045319,0.0,6.173118706183755,54220.8,0,422912,54657.1,16,422560,13,250,0,1,0,0.0,0.0,0.0,0.0,0,0,0,0,pip_scipy\scipy\optimize\_highspy\_highs_options.cp312-win_amd64.pyd,pip_scipy
34404,240,8750,2,46,48640,20480,4096,4608,4096,0,13408796672,4096,512,4,0,0,0,5,2,98304,1024,96963,3,352,2097152,4096,1048576,4096,0,16,10,3.2207804819543613,0.0,6.186856846647448,6912.0,0,48640,7089.1,16,48544,9,136,0,1,0,0.0,0.0,0.0,0.0,0,0,0,0,pip_scipy\scipy\optimize\_lsq\givens_elimination.cp312-win_amd64.pyd,pip_scipy
34404,240,8750,2,46,174592,32256,4608,4608,4096,0,13720682496,4096,512,4,0,0,0,5,2,241664,1024,208542,3,352,2097152,4096,1048576,4096,0,16,10,3.3403515459563744,0.0,5.994077269311145,20684.8,0,174592,20937.4,16,174448,14,199,0,1,0,0.0,0.0,0.0,0.0,0,0,0,0,pip_scipy\scipy\optimize\_trlib\_trlib.cp312-win_amd64.pyd,pip_scipy
34404,240,8750,2,46,787968,190976,3072,4608,4096,0,11530403840,4096,512,4,0,0,0,5,2,1007616,1024,1010247,3,352,2097152,4096,1048576,4096,0,16,10,3.371484727518453,0.0,6.151484880429055,97894.4,0,787968,97997.1,16,787888,12,144,0,1,0,0.0,0.0,0.0,0.0,0,0,0,0,pip_scipy\scipy\signal\_max_len_seq_inner.cp312-win_amd64.pyd,pip_scipy
34404,240,8750,2,46,107008,29696,4608,4608,4096,0,14309916672,4096,512,4,0,0,0,5,2,172032,1024,187821,3,352,2097152,4096,1048576,4096,0,16,10,3.26084950601984,0.0,6.10556706124194,13670.4,0,107008,13855.7,16,106768,10,163,0,1,0,0.0,0.0,0.0,0.0,0,0,0,0,pip_scipy\scipy\signal\_peak_finding_utils.cp312-win_amd64.pyd,pip_scipy
34404,240,8750,2,46,102400,15872,5120,4608,4096,0,12251365376,4096,512,4,0,0,0,5,2,151552,1024,162872,3,352,2097152,4096,1048576,4096,0,16,10,3.195391023068244,0.0,6.236552796787896,11827.2,0,102400,12074.1,16,102128,10,68,0,1,0,0.0,0.0,0.0,0.0,0,0,0,0,pip_scipy\scipy\signal\_sigtools.cp312-win_amd64.pyd,pip_scipy
34404,240,8750,2,46,83456,25600,4608,4608,4096,0,13894549504,4096,512,4,0,0,0,5,2,143360,1024,158892,3,352,2097152,4096,1048576,4096,0,16,10,3.2425116919950896,0.0,6.148729917796503,10905.6,0,83456,11073.1,16,83376,9,161,0,1,0,0.0,0.0,0.0,0.0,0,0,0,0,pip_scipy\scipy\signal\_sosfilt.cp312-win_amd64.pyd,pip_scipy
34404,240,8750,2,46,45056,13312,512,4608,4096,0,11325210624,4096,512,4,0,0,0,5,2,90112,1024,107735,3,352,2097152,4096,1048576,4096,0,16,10,2.8926189519868135,0.0,6.214322166317876,5836.8,0,45056,5533.3,16,44688,8,44,0,1,0,0.0,0.0,0.0,0.0,0,0,0,0,pip_scipy\scipy\signal\_spline.cp312-win_amd64.pyd,pip_scipy
34404,240,8750,2,46,157696,34304,5120,4608,4096,0,12758548480,4096,512,4,0,0,0,5,2,225280,1024,229077,3,352,2097152,4096,1048576,4096,0,16,10,3.3733692814103327,0.0,6.102514884084416,19200.0,0,157696,19382.3,16,157328,9,187,0,1,0,0.0,0.0,0.0,0.0,0,0,0,0,pip_scipy\scipy\signal\_upfirdn_apply.cp312-win_amd64.pyd,pip_scipy
34404,240,8750,2,46,358912,46592,5632,4608,4096,0,12342263808,4096,512,4,0,0,0,5,2,438272,1024,450428,3,352,2097152,4096,1048576,4096,0,16,10,3.4106783676585755,0.0,5.997990049708579,40550.4,0,358912,40854.9,16,358432,9,197,0,1,0,0.0,0.0,0.0,0.0,0,0,0,0,pip_scipy\scipy\sparse\_csparsetools.cp312-win_amd64.pyd,pip_scipy
34404,240,8750,2,46,4065792,172544,512,4608,4096,0,11655905280,4096,512,4,0,0,0,5,2,4268032,1024,4270077,3,352,2097152,4096,1048576,4096,0,16,10,3.7065607120201607,0.0,6.368739182543395,423833.6,0,4065792,423643.5,16,4065552,10,115,0,1,0,0.0,0.0,0.0,0.0,0,0,0,0,pip_scipy\scipy\sparse\_sparsetools.cp312-win_amd64.pyd,pip_scipy
34404,240,8750,2,46,146944,37888,5120,4608,4096,0,7732985856,4096,512,4,0,0,0,5,2,217088,1024,231222,3,352,2097152,4096,1048576,4096,0,16,10,3.2344346995717594,0.0,6.267312697667634,18483.2,0,146944,18656.9,16,146736,9,178,0,1,0,0.0,0.0,0.0,0.0,0,0,0,0,pip_scipy\scipy\sparse\csgraph\_flow.cp312-win_amd64.pyd,pip_scipy
34404,240,8750,2,46,141824,40448,4608,4608,4096,0,11398479872,4096,512,4,0,0,0,5,2,212992,1024,233376,3,352,2097152,4096,1048576,4096,0,16,10,3.2203452051090955,0.0,6.2081101080414,18227.2,0,141824,18397.7,16,141680,9,166,0,1,0,0.0,0.0,0.0,0.0,0,0,0,0,pip_scipy\scipy\sparse\csgraph\_matching.cp312-win_amd64.pyd,pip_scipy
34404,240,8750,2,46,76288,27136,4608,4608,4096,0,14388428800,4096,512,4,0,0,0,5,2,135168,1024,111972,3,352,2097152,4096,1048576,4096,0,16,10,3.194443597515863,0.0,5.998974888513885,10342.4,0,76288,10502.7,16,76128,9,157,0,1,0,0.0,0.0,0.0,0.0,0,0,0,0,pip_scipy\scipy\sparse\csgraph\_min_spanning_tree.cp312-win_amd64.pyd,pip_scipy
34404,240,8750,2,46,116224,35328,5120,4608,4096,0,13354336256,4096,512,4,0,0,0,5,2,184320,1024,162137,3,352,2097152,4096,1048576,4096,0,16,10,3.3713205395578596,0.0,6.196617425033288,15155.2,0,116224,15383.7,16,115744,9,181,0,1,0,0.0,0.0,0.0,0.0,0,0,0,0,pip_scipy\scipy\sparse\csgraph\_reordering.cp312-win_amd64.pyd,pip_scipy
34404,240,8750,2,46,546304,110080,6144,4608,4096,0,15664349184,4096,512,4,0,0,0,5,2,688128,1024,672026,3,352,2097152,4096,1048576,4096,0,16,10,3.535717729099325,0.0,5.975474399253024,65638.4,0,546304,65999.5,16,546160,11,274,0,1,0,0.0,0.0,0.0,0.0,0,0,0,0,pip_scipy\scipy\sparse\csgraph\_shortest_path.cp312-win_amd64.pyd,pip_scipy
34404,240,8750,2,46,115712,42496,2560,4608,4096,0,14946402304,4096,512,4,0,0,0,5,2,188416,1024,204866,3,352,2097152,4096,1048576,4096,0,16,10,3.154405057482386,0.0,5.9447305050664285,15820.8,0,115712,15773.9,16,115536,7,170,0,1,0,0.0,0.0,0.0,0.0,0,0,0,0,pip_scipy\scipy\sparse\csgraph\_tools.cp312-win_amd64.pyd,pip_scipy
34404,240,8750,2,46,412160,91136,5632,4608,4096,0,13988265984,4096,512,4,0,0,0,5,2,536576,1024,526890,3,352,2097152,4096,1048576,4096,0,16,10,3.5542928996321157,0.0,6.087054350000663,50329.6,0,412160,50618.7,16,412032,11,250,0,1,0,0.0,0.0,0.0,0.0,0,0,0,0,pip_scipy\scipy\sparse\csgraph\_traversal.cp312-win_amd64.pyd,pip_scipy
34404,240,8750,2,46,144384,21504,512,4608,4096,0,9986506752,4096,512,4,0,0,0,5,2,200704,1024,181340,3,352,2097152,4096,1048576,4096,0,16,10,3.0129335859007864,0.0,5.962284169854435,16588.8,0,144384,16339.4,16,143936,10,140,0,1,0,0.0,0.0,0.0,0.0,0,0,0,0,pip_scipy\scipy\sparse\linalg\_propack.cp312-win_amd64.pyd,pip_scipy
34404,240,8750,2,46,369152,55808,3072,4608,4096,0,10229186560,4096,512,4,0,0,0,5,2,454656,1024,446523,3,352,2097152,4096,1048576,4096,0,16,10,3.461701093248127,0.0,6.267290020190037,42496.0,0,369152,42536.6,16,368880,13,147,0,1,0,0.0,0.0,0.0,0.0,0,0,0,0,pip_scipy\scipy\sparse\linalg\_dsolve\_superlu.cp312-win_amd64.pyd,pip_scipy
34404,240,8750,2,46,189952,32256,3072,4608,4096,0,9717153792,4096,512,4,0,0,0,5,2,253952,1024,251551,3,352,2097152,4096,1048576,4096,0,16,10,3.2557523878282892,0.0,6.057952689830026,22220.8,0,189952,22183.8,16,189600,11,154,0,1,0,0.0,0.0,0.0,0.0,0,0,0,0,pip_scipy\scipy\sparse\linalg\_eigen\arpack\_arpacklib.cp312-win_amd64.pyd,pip_scipy
34404,240,8750,2,46,728064,134144,7168,4608,4096,0,14321451008,4096,512,4,0,0,0,5,2,892928,1024,924076,3,352,2097152,4096,1048576,4096,0,16,10,3.626569348498824,0.0,6.198956191803971,86220.8,0,728064,86699.5,16,727888,12,286,0,1,0,0.0,0.0,0.0,0.0,0,0,0,0,pip_scipy\scipy\spatial\_ckdtree.cp312-win_amd64.pyd,pip_scipy
34404,240,8750,2,46,1238528,239616,3584,4608,4096,0,8908636160,4096,512,4,0,0,0,5,2,1511424,1024,1494499,3,352,2097152,4096,1048576,4096,0,16,10,3.4528784455945583,0.0,6.213005009101255,147814.4,0,1238528,147823.9,16,1238208,13,236,0,1,0,0.0,0.0,0.0,0.0,0,0,0,0,pip_scipy\scipy\spatial\_distance_pybind.cp312-win_amd64.pyd,pip_scipy
34404,240,8750,2,46,113152,14336,512,4608,4096,0,13976928256,4096,512,4,0,0,0,5,2,155648,1024,154666,3,352,2097152,4096,1048576,4096,0,16,10,3.2373900823250805,0.0,6.3548040161505455,12748.8,0,113152,12536.7,16,113120,8,44,0,1,0,0.0,0.0,0.0,0.0,0,0,0,0,pip_scipy\scipy\spatial\_distance_wrap.cp312-win_amd64.pyd,pip_scipy
34404,240,8750,2,46,67584,25600,4096,4608,4096,0,10472390656,4096,512,4,0,0,0,5,2,122880,1024,136489,3,352,2097152,4096,1048576,4096,0,16,10,3.2655413960639,0.0,6.171707356843736,9318.4,0,67584,9515.1,16,67536,10,161,0,1,0,0.0,0.0,0.0,0.0,0,0,0,0,pip_scipy\scipy\spatial\_hausdorff.cp312-win_amd64.pyd,pip_scipy
34404,240,8750,2,46,686080,184832,7680,4608,4096,0,8271101952,4096,512,4,0,0,0,5,2,905216,1024,936581,3,352,2097152,4096,1048576,4096,0,16,10,3.5680298190738404,0.0,6.180774389468889,87091.2,0,686080,87627.5,16,686048,12,260,0,1,0,0.0,0.0,0.0,0.0,0,0,0,0,pip_scipy\scipy\spatial\_qhull.cp312-win_amd64.pyd,pip_scipy
34404,240,8750,2,46,61440,25600,4096,4608,4096,0,15782182912,4096,512,4,0,0,0,5,2,114688,1024,141196,3,352,2097152,4096,1048576,4096,0,16,10,3.2169637137002836,0.0,6.156773973563861,8704.0,0,61440,8860.3,16,61168,9,158,0,1,0,0.0,0.0,0.0,0.0,0,0,0,0,pip_scipy\scipy\spatial\_voronoi.cp312-win_amd64.pyd,pip_scipy
34404,240,8750,2,46,200704,34304,5632,4608,4096,0,8477802496,4096,512,4,0,0,0,5,2,262144,1024,267023,3,352,2097152,4096,1048576,4096,0,16,10,3.452278006979418,0.0,6.2015871164829095,23500.8,0,200704,23790.1,16,200560,9,185,0,1,0,0.0,0.0,0.0,0.0,0,0,0,0,pip_scipy\scipy\spatial\transform\_rigid_transform_cy.cp312-win_amd64.pyd,pip_scipy
34404,240,8750,2,46,474624,48128,7680,4608,4096,0,16017522688,4096,512,4,0,0,0,5,2,552960,1024,536764,3,352,2097152,4096,1048576,4096,0,16,10,3.390795124053619,0.0,6.5819132857885645,52275.2,0,474624,52782.3,16,474560,10,222,0,1,0,0.0,0.0,0.0,0.0,0,0,0,0,pip_scipy\scipy\spatial\transform\_rotation_cy.cp312-win_amd64.pyd,pip_scipy
34404,240,8750,2,46,2014208,256512,13824,4608,4096,0,11238309888,4096,512,4,0,0,0,5,2,2310144,1024,2311372,3,352,2097152,4096,1048576,4096,0,16,10,3.8470541484581147,0.0,6.619223471945699,227072.0,0,2014208,228175.9,16,2013856,10,274,0,1,0,0.0,0.0,0.0,0.0,0,0,0,0,pip_scipy\scipy\special\cython_special.cp312-win_amd64.pyd,pip_scipy
34404,240,8750,2,46,30208,16896,1024,4608,4096,0,13997244416,4096,512,4,0,0,0,5,2,81920,1024,96458,3,352,2097152,4096,1048576,4096,0,16,10,2.8616629841981682,0.0,6.008897107185938,4710.4,0,30208,4504.1,16,29936,7,141,0,1,0,0.0,0.0,0.0,0.0,0,0,0,0,pip_scipy\scipy\special\_comb.cp312-win_amd64.pyd,pip_scipy
34404,240,8750,2,46,104960,27648,1536,4608,4096,0,12270239744,4096,512,4,0,0,0,5,2,159744,1024,138932,3,352,2097152,4096,1048576,4096,0,16,10,3.2751426472448144,0.0,6.235914004112248,13260.8,0,104960,13214.5,16,104928,9,199,0,1,0,0.0,0.0,0.0,0.0,0,0,0,0,pip_scipy\scipy\special\_ellip_harm_2.cp312-win_amd64.pyd,pip_scipy
34404,240,8750,2,46,842240,94720,1024,4608,4096,0,9221177344,4096,512,4,0,0,0,5,2,966656,1024,958425,3,352,2097152,4096,1048576,4096,0,16,10,3.5581721651208946,0.0,6.500296997100947,93696.0,0,842240,93458.7,16,842208,11,144,0,1,0,0.0,0.0,0.0,0.0,0,0,0,0,pip_scipy\scipy\special\_gufuncs.cp312-win_amd64.pyd,pip_scipy
34404,240,8750,2,46,258560,51712,2560,4608,4096,0,9203417088,4096,512,4,0,0,0,5,2,339968,1024,372631,3,352,2097152,4096,1048576,4096,0,16,10,3.452490044893623,0.0,6.2021123088592915,31027.2,0,258560,30948.7,16,258128,10,221,0,1,0,0.0,0.0,0.0,0.0,0,0,0,0,pip_scipy\scipy\special\_specfun.cp312-win_amd64.pyd,pip_scipy
34404,240,8750,2,46,1289728,339968,1024,4608,4096,0,8648720384,4096,512,4,0,0,0,5,2,1654784,1024,1691430,3,352,2097152,4096,1048576,4096,0,16,10,3.67626435496325,0.0,6.126565614097754,162969.6,0,1289728,162773.7,16,1289728,11,171,0,1,0,0.0,0.0,0.0,0.0,0,0,0,0,pip_scipy\scipy\special\_special_ufuncs.cp312-win_amd64.pyd,pip_scipy
34404,240,8750,2,46,71680,23552,4608,4608,4096,0,15776940032,4096,512,4,0,0,0,5,2,126976,1024,107288,3,352,2097152,4096,1048576,4096,0,16,10,3.2645588123935996,0.0,6.193822160047216,9523.2,0,71680,9676.7,16,71520,10,163,0,1,0,0.0,0.0,0.0,0.0,0,0,0,0,pip_scipy\scipy\special\_test_internal.cp312-win_amd64.pyd,pip_scipy
34404,240,8750,2,46,1082880,350720,25600,4608,4096,0,13724352512,4096,512,4,0,0,0,5,2,1490944,1024,1482634,3,352,2097152,4096,1048576,4096,0,16,10,3.72629099418763,0.0,6.154759812957559,143360.0,0,1082880,145649.7,16,1082608,10,269,0,1,0,0.0,0.0,0.0,0.0,0,0,0,0,pip_scipy\scipy\special\_ufuncs.cp312-win_amd64.pyd,pip_scipy
34404,240,8750,2,46,2301952,370688,5120,4608,4096,0,13013352448,4096,512,4,0,0,0,5,2,2699264,1024,2680760,3,352,2097152,4096,1048576,4096,0,16,10,3.6871956767927494,0.0,6.609381468515851,267264.0,0,2301952,267468.5,16,2301936,13,233,0,1,0,0.0,0.0,0.0,0.0,0,0,0,0,pip_scipy\scipy\special\_ufuncs_cxx.cp312-win_amd64.pyd,pip_scipy
34404,240,8750,2,46,78848,27136,5120,4608,4096,0,7948664832,4096,512,4,0,0,0,5,2,139264,1024,145319,3,352,2097152,4096,1048576,4096,0,16,10,3.254485508924975,0.0,6.26602693993507,10598.4,0,78848,10768.7,16,78720,10,163,0,1,0,0.0,0.0,0.0,0.0,0,0,0,0,pip_scipy\scipy\stats\_ansari_swilk_statistics.cp312-win_amd64.pyd,pip_scipy
34404,240,8750,2,46,287744,86016,10752,4608,4096,0,16005922816,4096,512,4,0,0,0,5,2,413696,1024,399217,3,352,2097152,4096,1048576,4096,0,16,10,3.920275478590823,0.0,6.278982420719629,37376.0,0,287744,38154.3,16,287424,11,232,0,1,0,0.0,0.0,0.0,0.0,0,0,0,0,pip_scipy\scipy\stats\_biasedurn.cp312-win_amd64.pyd,pip_scipy
34404,240,8750,2,46,860672,209920,4608,4608,4096,0,13157728256,4096,512,4,0,0,0,5,2,1101824,1024,1135728,3,352,2097152,4096,1048576,4096,0,16,10,3.416140527731308,0.0,6.1666450294326305,107059.2,0,860672,107147.3,16,860320,13,240,0,1,0,0.0,0.0,0.0,0.0,0,0,0,0,pip_scipy\scipy\stats\_qmc_cy.cp312-win_amd64.pyd,pip_scipy
34404,240,8750,2,46,101888,24576,4608,4608,4096,0,15458697216,4096,512,4,0,0,0,5,2,159744,1024,190962,3,352,2097152,4096,1048576,4096,0,16,10,3.2092978130260867,0.0,6.14991742048992,12646.4,0,101888,12785.7,16,101808,10,161,0,1,0,0.0,0.0,0.0,0.0,0,0,0,0,pip_scipy\scipy\stats\_qmvnt_cy.cp312-win_amd64.pyd,pip_scipy
34404,240,8750,2,46,133632,34304,5120,4608,4096,0,14146994176,4096,512,4,0,0,0,5,2,196608,1024,170524,3,352,2097152,4096,1048576,4096,0,16,10,3.3369581741384047,0.0,6.070525384413183,16793.6,0,133632,16970.7,16,133264,9,183,0,1,0,0.0,0.0,0.0,0.0,0,0,0,0,pip_scipy\scipy\stats\_sobol.cp312-win_amd64.pyd,pip_scipy
34404,240,8750,2,46,409088,43520,6656,4608,4096,0,10067181568,4096,512,4,0,0,0,5,2,483328,1024,485942,3,352,2097152,4096,1048576,4096,0,16,10,3.3331941387661495,0.0,6.248491491765712,45260.8,0,409088,45653.1,16,408784,10,218,0,1,0,0.0,0.0,0.0,0.0,0,0,0,0,pip_scipy\scipy\stats\_stats.cp312-win_amd64.pyd,pip_scipy
34404,240,8750,2,46,845824,198144,3072,4608,4096,0,11858739200,4096,512,4,0,0,0,5,2,1077248,1024,1108960,3,352,2097152,4096,1048576,4096,0,16,10,3.350873933806466,0.0,6.169918703334299,104396.8,0,845824,104353.9,16,845424,12,146,0,1,0,0.0,0.0,0.0,0.0,0,0,0,0,pip_scipy\scipy\stats\_stats_pythran.cp312-win_amd64.pyd,pip_scipy
34404,240,8750,2,46,26112,18944,1024,4608,4096,0,13094551552,4096,512,4,0,0,0,5,2,77824,1024,84156,3,352,2097152,4096,1048576,4096,0,16,10,2.94383287615318,0.0,6.055778748660595,4505.6,0,26112,4343.5,16,25872,8,142,0,1,0,0.0,0.0,0.0,0.0,0,0,0,0,pip_scipy\scipy\stats\_levy_stable\levyst.cp312-win_amd64.pyd,pip_scipy
34404,240,8750,2,46,76800,33792,4096,4608,4096,0,12223578112,4096,512,4,0,0,0,5,2,139264,1024,165313,3,352,2097152,4096,1048576,4096,0,16,10,3.283064377723739,0.0,6.95357709413849,11059.2,0,76800,11222.9,16,76768,10,156,0,1,0,0.0,0.0,0.0,0.0,0,0,0,0,pip_scipy\scipy\stats\_rcont\rcont.cp312-win_amd64.pyd,pip_scipy
34404,240,8750,2,46,1016320,247808,7680,4608,4096,0,13277855744,4096,512,4,0,0,0,5,2,1302528,1024,1319456,3,352,2097152,4096,1048576,4096,0,16,10,3.567716311583331,0.0,6.26172973990583,126412.8,0,1016320,126877.1,16,1016288,13,305,0,1,0,0.0,0.0,0.0,0.0,0,0,0,0,pip_scipy\scipy\stats\_unuran\unuran_wrapper.cp312-win_amd64.pyd,pip_scipy
34404,240,8750,2,46,40448,20992,1536,4608,4096,0,9683795968,4096,512,4,0,0,0,5,2,90112,1024,78404,3,352,2097152,4096,1048576,4096,0,16,10,2.9560633971437786,0.0,6.021932036034731,6144.0,0,40448,5954.9,16,40192,8,164,0,1,0,0.0,0.0,0.0,0.0,0,0,0,0,pip_scipy\scipy\_lib\messagestream.cp312-win_amd64.pyd,pip_scipy
34404,240,8750,2,46,77824,27136,2048,4608,4096,0,15110307840,4096,512,4,0,0,0,5,2,131072,1024,167802,3,352,2097152,4096,1048576,4096,0,16,10,3.1750882145975594,0.0,6.162837324047042,10496.0,0,77824,10423.1,16,77728,9,222,0,1,0,0.0,0.0,0.0,0.0,0,0,0,0,pip_scipy\scipy\_lib\_ccallback_c.cp312-win_amd64.pyd,pip_scipy
34404,240,8750,2,46,5120,5632,512,4608,4096,0,9037807616,4096,512,4,0,0,0,5,2,49152,1024,59098,3,352,2097152,4096,1048576,4096,0,16,10,2.428725379522345,0.0,5.88149419694181,1075.2,0,5120,896.7,16,4880,7,26,0,1,0,0.0,0.0,0.0,0.0,0,0,0,0,pip_scipy\scipy\_lib\_fpumode.cp312-win_amd64.pyd,pip_scipy
34404,240,8750,2,46,31744,15360,512,4608,4096,0,10360127488,4096,512,4,0,0,0,5,2,77824,1024,59485,3,352,2097152,4096,1048576,4096,0,16,10,2.707083950709721,0.0,6.110083075777258,4710.4,0,31744,4470.5,16,31728,8,102,0,1,0,0.0,0.0,0.0,0.0,0,0,0,0,pip_scipy\scipy\_lib\_test_ccallback.cp312-win_amd64.pyd,pip_scipy
34404,240,8750,2,46,19968,15360,1024,4608,4096,0,12627935232,4096,512,4,0,0,0,5,2,65536,1024,91026,3,352,2097152,4096,1048576,4096,0,16,10,2.796198326230492,0.0,5.989419637098058,3532.8,0,19968,3298.7,16,19680,7,116,0,1,0,0.0,0.0,0.0,0.0,0,0,0,0,pip_scipy\scipy\_lib\_test_deprecation_call.cp312-win_amd64.pyd,pip_scipy
34404,240,8750,2,46,10752,10240,1024,4608,4096,0,7621640192,4096,512,4,0,0,0,5,2,53248,1024,44014,3,352,2097152,4096,1048576,4096,0,16,10,2.4365120570543226,0.0,6.077122162850704,2099.2,0,10752,1883.7,16,10608,7,84,0,1,0,0.0,0.0,0.0,0.0,0,0,0,0,pip_scipy\scipy\_lib\_test_deprecation_def.cp312-win_amd64.pyd,pip_scipy
34404,240,8750,2,46,187392,58880,1024,4608,4096,0,12462391296,4096,512,4,0,0,0,5,2,270336,1024,301787,3,352,2097152,4096,1048576,4096,0,16,10,3.3393993745067156,0.0,6.127946113412546,24627.2,0,187392,24426.5,16,186960,10,157,0,1,0,0.0,0.0,0.0,0.0,0,0,0,0,pip_scipy\scipy\_lib\_uarray\_uarray.cp312-win_amd64.pyd,pip_scipy
34404,240,8750,2,36,19636224,20261888,9216,4944,4096,0,10648879104,4096,512,4,0,0,0,5,2,20299776,1024,20306887,3,352,2097152,4096,1048576,4096,0,16,11,3.7783306114994346,0.0,6.269559132934482,1841989.8181818181,0,19636224,1842511.3636363635,16,19635832,14,153,0,9547,0,0.0,0.0,0.0,0.0,0,0,0,0,pip_scipy\scipy.libs\libscipy_openblas-197ee2fc9b4d071f7e048078cac74115.dll,pip_scipy
34404,240,8226,14,51,4784640,3064320,0,4641904,4096,0,6442450944,4096,512,6,0,0,0,6,0,7864320,1024,0,2,352,1048576,4096,1048576,4096,0,16,5,5.438936250678388,3.574331261301892,6.450531652679811,1569382.4,47616,4784640,1569457.6,47252,4784328,13,236,0,735,0,0.0,0.0,0.0,0.0,0,0,320,0,pip_tokenizers\tokenizers\tokenizers.pyd,pip_tokenizers
34404,240,8226,14,51,44544,20992,0,44480,4096,0,6442450944,4096,512,6,0,0,0,6,0,81920,1024,0,2,352,1048576,4096,1048576,4096,0,16,6,3.8424368832556444,2.3014753603485785,6.480389742063998,10837.333333333334,512,44544,10642.5,180,44305,9,108,0,1,1,4.8858005160656415,4.8858005160656415,4.8858005160656415,145.0,145,145,320,0,pip_ujson\ujson.cp312-win_amd64.pyd,pip_ujson
34404,240,8226,14,40,341504,219136,0,335664,4096,0,6442450944,4096,512,6,0,10,0,6,0,577536,1024,601162,3,16736,1048576,4096,1048576,4096,0,16,6,4.917604275074079,3.1786345728648637,6.366720981757614,92245.33333333333,1024,341504,93143.0,960,341164,14,193,0,1515,1,3.4750810840562996,3.4750810840562996,3.4750810840562996,860.0,860,860,320,16,pip_ujson\ujson-6.0.0.data\platlib\msvcp140-a4c2229bdc2a2a630acdc095b4d86008.dll,pip_ujson
